,Domain,Type,TLD Manager
0,.aaa,generic,"American Automobile Association, Inc."
1,.aarp,generic,AARP
2,.abarth,generic,Fiat Chrysler Automobiles N.V.
3,.abb,generic,ABB Ltd
4,.abbott,generic,"Abbott Laboratories, Inc."
5,.abbvie,generic,AbbVie Inc.
6,.abc,generic,"Disney Enterprises, Inc."
7,.able,generic,Able Inc.
8,.abogado,generic,"Registry Services, LLC"
9,.abudhabi,generic,Abu Dhabi Systems and Information Centre
10,.ac,country-code,Internet Computer Bureau Limited
11,.academy,generic,"Binky Moon, LLC"
12,.accenture,generic,Accenture plc
13,.accountant,generic,dot Accountant Limited
14,.accountants,generic,"Binky Moon, LLC"
15,.aco,generic,ACO Severin Ahlmann GmbH & Co. KG
16,.active,generic,Not assigned
17,.actor,generic,"Dog Beach, LLC"
18,.ad,country-code,Andorra Telecom
19,.adac,generic,Allgemeiner Deutscher Automobil-Club e.V. (ADAC)
20,.ads,generic,Charleston Road Registry Inc.
21,.adult,generic,ICM Registry AD LLC
22,.ae,country-code,Telecommunications and Digital Government Regulatory Authority (TDRA)
23,.aeg,generic,Aktiebolaget Electrolux
24,.aero,sponsored,Societe Internationale de Telecommunications Aeronautique (SITA INC USA)
25,.aetna,generic,Aetna Life Insurance Company
26,.af,country-code,Ministry of Communications and IT
27,.afamilycompany,generic,Not assigned
28,.afl,generic,Australian Football League
29,.africa,generic,ZA Central Registry NPC trading as Registry.Africa
30,.ag,country-code,UHSA School of Medicine
31,.agakhan,generic,Fondation Aga Khan (Aga Khan Foundation)
32,.agency,generic,"Binky Moon, LLC"
33,.ai,country-code,Government of Anguilla
34,.aig,generic,"American International Group, Inc."
35,.aigo,generic,Not assigned
36,.airbus,generic,Airbus S.A.S.
37,.airforce,generic,"Dog Beach, LLC"
38,.airtel,generic,Bharti Airtel Limited
39,.akdn,generic,Fondation Aga Khan (Aga Khan Foundation)
40,.al,country-code,Electronic and Postal Communications Authority - AKEP
41,.alfaromeo,generic,Fiat Chrysler Automobiles N.V.
42,.alibaba,generic,Alibaba Group Holding Limited
43,.alipay,generic,Alibaba Group Holding Limited
44,.allfinanz,generic,Allfinanz Deutsche Vermögensberatung Aktiengesellschaft
45,.allstate,generic,Allstate Fire and Casualty Insurance Company
46,.ally,generic,Ally Financial Inc.
47,.alsace,generic,REGION GRAND EST
48,.alstom,generic,ALSTOM
49,.am,country-code,"""Internet Society"" Non-governmental Organization"
50,.amazon,generic,"Amazon Registry Services, Inc."
51,.americanexpress,generic,"American Express Travel Related Services Company, Inc."
52,.americanfamily,generic,"AmFam, Inc."
53,.amex,generic,"American Express Travel Related Services Company, Inc."
54,.amfam,generic,"AmFam, Inc."
55,.amica,generic,Amica Mutual Insurance Company
56,.amsterdam,generic,Gemeente Amsterdam
57,.an,country-code,Retired
58,.analytics,generic,Campus IP LLC
59,.android,generic,Charleston Road Registry Inc.
60,.anquan,generic,QIHOO 360 TECHNOLOGY CO. LTD.
61,.anz,generic,Australia and New Zealand Banking Group Limited
62,.ao,country-code,Ministry of Telecommunications and Information Technologies (MTTI)
63,.aol,generic,OATH Inc.
64,.apartments,generic,"Binky Moon, LLC"
65,.app,generic,Charleston Road Registry Inc.
66,.apple,generic,Apple Inc.
67,.aq,country-code,Antarctica Network Information Centre Limited
68,.aquarelle,generic,Aquarelle.com
69,.ar,country-code,Presidencia de la Nación – Secretaría Legal y Técnica
70,.arab,generic,League of Arab States
71,.aramco,generic,Aramco Services Company
72,.archi,generic,Afilias Limited
73,.army,generic,"Dog Beach, LLC"
74,.arpa,infrastructure,Internet Architecture Board (IAB)
75,.art,generic,UK Creative Ideas Limited
76,.arte,generic,Association Relative à la Télévision Européenne G.E.I.E.
77,.as,country-code,AS Domain Registry
78,.asda,generic,"Wal-Mart Stores, Inc."
79,.asia,sponsored,DotAsia Organisation Ltd.
80,.associates,generic,"Binky Moon, LLC"
81,.at,country-code,nic.at GmbH
82,.athleta,generic,"The Gap, Inc."
83,.attorney,generic,"Dog Beach, LLC"
84,.au,country-code,.au Domain Administration (auDA)
85,.auction,generic,"Dog Beach, LLC"
86,.audi,generic,AUDI Aktiengesellschaft
87,.audible,generic,"Amazon Registry Services, Inc."
88,.audio,generic,UNR Corp.
89,.auspost,generic,Australian Postal Corporation
90,.author,generic,"Amazon Registry Services, Inc."
91,.auto,generic,XYZ.COM LLC
92,.autos,generic,XYZ.COM LLC
93,.avianca,generic,Avianca Holdings S.A.
94,.aw,country-code,SETAR
95,.aws,generic,AWS Registry LLC
96,.ax,country-code,Ålands landskapsregering
97,.axa,generic,AXA Group Operations SAS
98,.az,country-code,IntraNS
99,.azure,generic,Microsoft Corporation
100,.ba,country-code,Universtiy Telinformatic Centre (UTIC)
101,.baby,generic,XYZ.COM LLC
102,.baidu,generic,"Baidu, Inc."
103,.banamex,generic,Citigroup Inc.
104,.bananarepublic,generic,"The Gap, Inc."
105,.band,generic,"Dog Beach, LLC"
106,.bank,generic,"fTLD Registry Services, LLC"
107,.bar,generic,Punto 2012 Sociedad Anonima Promotora de Inversion de Capital Variable
108,.barcelona,generic,Municipi de Barcelona
109,.barclaycard,generic,Barclays Bank PLC
110,.barclays,generic,Barclays Bank PLC
111,.barefoot,generic,"Gallo Vineyards, Inc."
112,.bargains,generic,"Binky Moon, LLC"
113,.baseball,generic,"MLB Advanced Media DH, LLC"
114,.basketball,generic,Fédération Internationale de Basketball (FIBA)
115,.bauhaus,generic,Werkhaus GmbH
116,.bayern,generic,Bayern Connect GmbH
117,.bb,country-code,Government of Barbados Ministry of Economic Affairs and Development Telecommunications Unit
118,.bbc,generic,British Broadcasting Corporation
119,.bbt,generic,BB&T Corporation
120,.bbva,generic,"BANCO BILBAO VIZCAYA ARGENTARIA, S.A."
121,.bcg,generic,"The Boston Consulting Group, Inc."
122,.bcn,generic,Municipi de Barcelona
123,.bd,country-code,Posts and Telecommunications Division
124,.be,country-code,DNS Belgium vzw/asbl
125,.beats,generic,"Beats Electronics, LLC"
126,.beauty,generic,XYZ.COM LLC
127,.beer,generic,"Registry Services, LLC"
128,.bentley,generic,Bentley Motors Limited
129,.berlin,generic,dotBERLIN GmbH & Co. KG
130,.best,generic,BestTLD Pty Ltd
131,.bestbuy,generic,"BBY Solutions, Inc."
132,.bet,generic,Afilias Limited
133,.bf,country-code,ARCE-AutoritÈ de RÈgulation des Communications Electroniques
134,.bg,country-code,Register.BG
135,.bh,country-code,Telecommunications Regulatory Authority (TRA)
136,.bharti,generic,Bharti Enterprises (Holding) Private Limited
137,.bi,country-code,Centre National de l'Informatique
138,.bible,generic,American Bible Society
139,.bid,generic,dot Bid Limited
140,.bike,generic,"Binky Moon, LLC"
141,.bing,generic,Microsoft Corporation
142,.bingo,generic,"Binky Moon, LLC"
143,.bio,generic,Afilias Limited
144,.biz,generic-restricted,"Registry Services, LLC"
145,.bj,country-code,Autorité de Régulation des Communications Electroniques et de la Poste du Bénin (ARCEP BENIN)
146,.bl,country-code,Not assigned
147,.black,generic,Afilias Limited
148,.blackfriday,generic,UNR Corp.
149,.blanco,generic,Not assigned
150,.blockbuster,generic,Dish DBS Corporation
151,.blog,generic,"Knock Knock WHOIS There, LLC"
152,.bloomberg,generic,Bloomberg IP Holdings LLC
153,.blue,generic,Afilias Limited
154,.bm,country-code,"Registry General Department, Ministry of Home Affairs"
155,.bms,generic,Bristol-Myers Squibb Company
156,.bmw,generic,Bayerische Motoren Werke Aktiengesellschaft
157,.bn,country-code,Authority for Info-communications Technology Industry of Brunei Darussalam (AITI)
158,.bnl,generic,Not assigned
159,.bnpparibas,generic,BNP Paribas
160,.bo,country-code,Agencia para el Desarrollo de la Información de la Sociedad en Bolivia
161,.boats,generic,XYZ.COM LLC
162,.boehringer,generic,Boehringer Ingelheim International GmbH
163,.bofa,generic,Bank of America Corporation
164,.bom,generic,Núcleo de Informação e Coordenação do Ponto BR - NIC.br
165,.bond,generic,Shortdot SA
166,.boo,generic,Charleston Road Registry Inc.
167,.book,generic,"Amazon Registry Services, Inc."
168,.booking,generic,Booking.com B.V.
169,.boots,generic,Not assigned
170,.bosch,generic,Robert Bosch GMBH
171,.bostik,generic,Bostik SA
172,.boston,generic,"Registry Services, LLC"
173,.bot,generic,"Amazon Registry Services, Inc."
174,.boutique,generic,"Binky Moon, LLC"
175,.box,generic,Intercap Registry Inc.
176,.bq,country-code,Not assigned
177,.br,country-code,Comite Gestor da Internet no Brasil
178,.bradesco,generic,Banco Bradesco S.A.
179,.bridgestone,generic,Bridgestone Corporation
180,.broadway,generic,"Celebrate Broadway, Inc."
181,.broker,generic,"Dog Beach, LLC"
182,.brother,generic,"Brother Industries, Ltd."
183,.brussels,generic,DNS.be vzw
184,.bs,country-code,University of The Bahamas
185,.bt,country-code,Ministry of Information and Communications
186,.budapest,generic,Minds + Machines Group Limited
187,.bugatti,generic,Bugatti International SA
188,.build,generic,Plan Bee LLC
189,.builders,generic,"Binky Moon, LLC"
190,.business,generic,"Binky Moon, LLC"
191,.buy,generic,"Amazon Registry Services, INC"
192,.buzz,generic,DOTSTRATEGY CO.
193,.bv,country-code,Norid A/S
194,.bw,country-code,Botswana Communications Regulatory Authority (BOCRA)
195,.by,country-code,"Reliable Software, Ltd."
196,.bz,country-code,University of Belize
197,.bzh,generic,Association www.bzh
198,.ca,country-code,Canadian Internet Registration Authority (CIRA) Autorité Canadienne pour les enregistrements Internet (ACEI)
199,.cab,generic,"Binky Moon, LLC"
200,.cafe,generic,"Binky Moon, LLC"
201,.cal,generic,Charleston Road Registry Inc.
202,.call,generic,"Amazon Registry Services, Inc."
203,.calvinklein,generic,PVH gTLD Holdings LLC
204,.cam,generic,CAM Connecting SARL
205,.camera,generic,"Binky Moon, LLC"
206,.camp,generic,"Binky Moon, LLC"
207,.cancerresearch,generic,Australian Cancer Research Foundation
208,.canon,generic,Canon Inc.
209,.capetown,generic,ZA Central Registry NPC trading as ZA Central Registry
210,.capital,generic,"Binky Moon, LLC"
211,.capitalone,generic,Capital One Financial Corporation
212,.car,generic,XYZ.COM LLC
213,.caravan,generic,"Caravan International, Inc."
214,.cards,generic,"Binky Moon, LLC"
215,.care,generic,"Binky Moon, LLC"
216,.career,generic,dotCareer LLC
217,.careers,generic,"Binky Moon, LLC"
218,.cars,generic,XYZ.COM LLC
219,.cartier,generic,Not assigned
220,.casa,generic,"Registry Services, LLC"
221,.case,generic,CNH Industrial N.V.
222,.caseih,generic,Not assigned
223,.cash,generic,"Binky Moon, LLC"
224,.casino,generic,"Binky Moon, LLC"
225,.cat,sponsored,Fundacio puntCAT
226,.catering,generic,"Binky Moon, LLC"
227,.catholic,generic,Pontificium Consilium de Comunicationibus Socialibus (PCCS) (Pontifical Council for Social Communication)
228,.cba,generic,COMMONWEALTH BANK OF AUSTRALIA
229,.cbn,generic,"The Christian Broadcasting Network, Inc."
230,.cbre,generic,"CBRE, Inc."
231,.cbs,generic,CBS Domains Inc.
232,.cc,country-code,eNIC Cocos (Keeling) Islands Pty. Ltd. d/b/a Island Internet Services
233,.cd,country-code,Office Congolais des Postes et Télécommunications - OCPT
234,.ceb,generic,Not assigned
235,.center,generic,"Binky Moon, LLC"
236,.ceo,generic,CEOTLD Pty Ltd
237,.cern,generic,"European Organization for Nuclear Research (""CERN"")"
238,.cf,country-code,Societe Centrafricaine de Telecommunications (SOCATEL)
239,.cfa,generic,CFA Institute
240,.cfd,generic,DOTCFD REGISTRY LTD
241,.cg,country-code,Interpoint Switzerland
242,.ch,country-code,SWITCH The Swiss Education & Research Network
243,.chanel,generic,Chanel International B.V.
244,.channel,generic,Charleston Road Registry Inc.
245,.charity,generic,"Binky Moon, LLC"
246,.chase,generic,"JPMorgan Chase Bank, National Association"
247,.chat,generic,"Binky Moon, LLC"
248,.cheap,generic,"Binky Moon, LLC"
249,.chintai,generic,CHINTAI Corporation
250,.chloe,generic,Not assigned
251,.christmas,generic,UNR Corp.
252,.chrome,generic,Charleston Road Registry Inc.
253,.chrysler,generic,Not assigned
254,.church,generic,"Binky Moon, LLC"
255,.ci,country-code,Autorité de Régulation des Télécommunications/TIC de Côte d’lvoire (ARTCI)
256,.cipriani,generic,Hotel Cipriani Srl
257,.circle,generic,"Amazon Registry Services, Inc."
258,.cisco,generic,"Cisco Technology, Inc."
259,.citadel,generic,Citadel Domain LLC
260,.citi,generic,Citigroup Inc.
261,.citic,generic,CITIC Group Corporation
262,.city,generic,"Binky Moon, LLC"
263,.cityeats,generic,"Lifestyle Domain Holdings, Inc."
264,.ck,country-code,Telecom Cook Islands Ltd.
265,.cl,country-code,NIC Chile (University of Chile)
266,.claims,generic,"Binky Moon, LLC"
267,.cleaning,generic,"Binky Moon, LLC"
268,.click,generic,UNR Corp.
269,.clinic,generic,"Binky Moon, LLC"
270,.clinique,generic,The Estée Lauder Companies Inc.
271,.clothing,generic,"Binky Moon, LLC"
272,.cloud,generic,ARUBA PEC S.p.A.
273,.club,generic,"Registry Services, LLC"
274,.clubmed,generic,Club Méditerranée S.A.
275,.cm,country-code,Cameroon Telecommunications (CAMTEL)
276,.cn,country-code,China Internet Network Information Center (CNNIC)
277,.co,country-code,Ministry of Information and Communications Technologies (MinTIC)
278,.coach,generic,"Binky Moon, LLC"
279,.codes,generic,"Binky Moon, LLC"
280,.coffee,generic,"Binky Moon, LLC"
281,.college,generic,XYZ.COM LLC
282,.cologne,generic,dotKoeln GmbH
283,.com,generic,VeriSign Global Registry Services
284,.comcast,generic,"Comcast IP Holdings I, LLC"
285,.commbank,generic,COMMONWEALTH BANK OF AUSTRALIA
286,.community,generic,"Binky Moon, LLC"
287,.company,generic,"Binky Moon, LLC"
288,.compare,generic,"Registry Services, LLC"
289,.computer,generic,"Binky Moon, LLC"
290,.comsec,generic,"VeriSign, Inc."
291,.condos,generic,"Binky Moon, LLC"
292,.construction,generic,"Binky Moon, LLC"
293,.consulting,generic,"Dog Beach, LLC"
294,.contact,generic,"Dog Beach, LLC"
295,.contractors,generic,"Binky Moon, LLC"
296,.cooking,generic,"Registry Services, LLC"
297,.cookingchannel,generic,"Lifestyle Domain Holdings, Inc."
298,.cool,generic,"Binky Moon, LLC"
299,.coop,sponsored,DotCooperation LLC
300,.corsica,generic,Collectivité de Corse
301,.country,generic,Top Level Domain Holdings Limited
302,.coupon,generic,"Amazon Registry Services, Inc."
303,.coupons,generic,"Binky Moon, LLC"
304,.courses,generic,OPEN UNIVERSITIES AUSTRALIA PTY LTD
305,.cpa,generic,American Institute of Certified Public Accountants
306,.cr,country-code,National Academy of Sciences Academia Nacional de Ciencias
307,.credit,generic,"Binky Moon, LLC"
308,.creditcard,generic,"Binky Moon, LLC"
309,.creditunion,generic,"DotCooperation, LLC"
310,.cricket,generic,dot Cricket Limited
311,.crown,generic,Crown Equipment Corporation
312,.crs,generic,Federated Co-operatives Limited
313,.cruise,generic,Viking River Cruises (Bermuda) Ltd.
314,.cruises,generic,"Binky Moon, LLC"
315,.csc,generic,Not assigned
316,.cu,country-code,CENIAInternet Industria y San Jose Capitolio Nacional
317,.cuisinella,generic,SCHMIDT GROUPE S.A.S.
318,.cv,country-code,Agência Reguladora Multissectorial da Economia (ARME)
319,.cw,country-code,University of Curacao
320,.cx,country-code,Christmas Island Domain Administration Limited
321,.cy,country-code,University of Cyprus
322,.cymru,generic,Nominet UK
323,.cyou,generic,Shortdot SA
324,.cz,country-code,"CZ.NIC, z.s.p.o"
325,.dabur,generic,Dabur India Limited
326,.dad,generic,Charleston Road Registry Inc.
327,.dance,generic,"Dog Beach, LLC"
328,.data,generic,Dish DBS Corporation
329,.date,generic,dot Date Limited
330,.dating,generic,"Binky Moon, LLC"
331,.datsun,generic,"NISSAN MOTOR CO., LTD."
332,.day,generic,Charleston Road Registry Inc.
333,.dclk,generic,Charleston Road Registry Inc.
334,.dds,generic,"Registry Services, LLC"
335,.de,country-code,DENIC eG
336,.deal,generic,"Amazon Registry Services, Inc."
337,.dealer,generic,Intercap Registry Inc.
338,.deals,generic,"Binky Moon, LLC"
339,.degree,generic,"Dog Beach, LLC"
340,.delivery,generic,"Binky Moon, LLC"
341,.dell,generic,Dell Inc.
342,.deloitte,generic,Deloitte Touche Tohmatsu
343,.delta,generic,"Delta Air Lines, Inc."
344,.democrat,generic,"Dog Beach, LLC"
345,.dental,generic,"Binky Moon, LLC"
346,.dentist,generic,"Dog Beach, LLC"
347,.desi,generic,Desi Networks LLC
348,.design,generic,"Registry Services, LLC"
349,.dev,generic,Charleston Road Registry Inc.
350,.dhl,generic,Deutsche Post AG
351,.diamonds,generic,"Binky Moon, LLC"
352,.diet,generic,UNR Corp.
353,.digital,generic,"Binky Moon, LLC"
354,.direct,generic,"Binky Moon, LLC"
355,.directory,generic,"Binky Moon, LLC"
356,.discount,generic,"Binky Moon, LLC"
357,.discover,generic,Discover Financial Services
358,.dish,generic,Dish DBS Corporation
359,.diy,generic,"Lifestyle Domain Holdings, Inc."
360,.dj,country-code,Djibouti Telecom S.A
361,.dk,country-code,Dansk Internet Forum
362,.dm,country-code,DotDM Corporation
363,.dnp,generic,"Dai Nippon Printing Co., Ltd."
364,.do,country-code,Pontificia Universidad Catolica Madre y Maestra Recinto Santo Tomas de Aquino
365,.docs,generic,Charleston Road Registry Inc.
366,.doctor,generic,"Binky Moon, LLC"
367,.dodge,generic,Not assigned
368,.dog,generic,"Binky Moon, LLC"
369,.doha,generic,Not assigned
370,.domains,generic,"Binky Moon, LLC"
371,.doosan,generic,Retired
372,.dot,generic,Dish DBS Corporation
373,.download,generic,dot Support Limited
374,.drive,generic,Charleston Road Registry Inc.
375,.dtv,generic,Dish DBS Corporation
376,.dubai,generic,Dubai Smart Government Department
377,.duck,generic,Not assigned
378,.dunlop,generic,The Goodyear Tire & Rubber Company
379,.duns,generic,Not assigned
380,.dupont,generic,"DuPont Specialty Products USA, LLC"
381,.durban,generic,ZA Central Registry NPC trading as ZA Central Registry
382,.dvag,generic,Deutsche Vermögensberatung Aktiengesellschaft DVAG
383,.dvr,generic,Hughes Satellite Systems Corporation
384,.dz,country-code,CERIST
385,.earth,generic,"Interlink Co., Ltd."
386,.eat,generic,Charleston Road Registry Inc.
387,.ec,country-code,ECUADORDOMAIN S.A.
388,.eco,generic,Big Room Inc.
389,.edeka,generic,EDEKA Verband kaufmännischer Genossenschaften e.V.
390,.edu,sponsored,EDUCAUSE
391,.education,generic,"Binky Moon, LLC"
392,.ee,country-code,Eesti Interneti Sihtasutus (EIS)
393,.eg,country-code,Egyptian Universities Network (EUN) Supreme Council of Universities
394,.eh,country-code,Not assigned
395,.email,generic,"Binky Moon, LLC"
396,.emerck,generic,Merck KGaA
397,.energy,generic,"Binky Moon, LLC"
398,.engineer,generic,"Dog Beach, LLC"
399,.engineering,generic,"Binky Moon, LLC"
400,.enterprises,generic,"Binky Moon, LLC"
401,.epost,generic,Not assigned
402,.epson,generic,Seiko Epson Corporation
403,.equipment,generic,"Binky Moon, LLC"
404,.er,country-code,Eritrea Telecommunication Services Corporation (EriTel)
405,.ericsson,generic,Telefonaktiebolaget L M Ericsson
406,.erni,generic,ERNI Group Holding AG
407,.es,country-code,Red.es
408,.esq,generic,Charleston Road Registry Inc.
409,.estate,generic,"Binky Moon, LLC"
410,.esurance,generic,Not assigned
411,.et,country-code,Ethio telecom
412,.etisalat,generic,Emirates Telecommunications Corporation (trading as Etisalat)
413,.eu,country-code,EURid vzw/asbl
414,.eurovision,generic,European Broadcasting Union (EBU)
415,.eus,generic,Puntueus Fundazioa
416,.events,generic,"Binky Moon, LLC"
417,.everbank,generic,Not assigned
418,.exchange,generic,"Binky Moon, LLC"
419,.expert,generic,"Binky Moon, LLC"
420,.exposed,generic,"Binky Moon, LLC"
421,.express,generic,"Binky Moon, LLC"
422,.extraspace,generic,Extra Space Storage LLC
423,.fage,generic,Fage International S.A.
424,.fail,generic,"Binky Moon, LLC"
425,.fairwinds,generic,"FairWinds Partners, LLC"
426,.faith,generic,dot Faith Limited
427,.family,generic,"Dog Beach, LLC"
428,.fan,generic,"Dog Beach, LLC"
429,.fans,generic,ZDNS International Limited
430,.farm,generic,"Binky Moon, LLC"
431,.farmers,generic,Farmers Insurance Exchange
432,.fashion,generic,"Registry Services, LLC"
433,.fast,generic,"Amazon Registry Services, Inc."
434,.fedex,generic,Federal Express Corporation
435,.feedback,generic,"Top Level Spectrum, Inc."
436,.ferrari,generic,Fiat Chrysler Automobiles N.V.
437,.ferrero,generic,Ferrero Trading Lux S.A.
438,.fi,country-code,Finnish Transport and Communications Agency Traficom
439,.fiat,generic,Fiat Chrysler Automobiles N.V.
440,.fidelity,generic,Fidelity Brokerage Services LLC
441,.fido,generic,Rogers Communications Canada Inc.
442,.film,generic,Motion Picture Domain Registry Pty Ltd
443,.final,generic,Núcleo de Informação e Coordenação do Ponto BR - NIC.br
444,.finance,generic,"Binky Moon, LLC"
445,.financial,generic,"Binky Moon, LLC"
446,.fire,generic,"Amazon Registry Services, Inc."
447,.firestone,generic,"Bridgestone Licensing Services, Inc."
448,.firmdale,generic,Firmdale Holdings Limited
449,.fish,generic,"Binky Moon, LLC"
450,.fishing,generic,"Registry Services, LLC"
451,.fit,generic,"Registry Services, LLC"
452,.fitness,generic,"Binky Moon, LLC"
453,.fj,country-code,The University of the South Pacific IT Services
454,.fk,country-code,Falkland Islands Government
455,.flickr,generic,"Flickr, Inc."
456,.flights,generic,"Binky Moon, LLC"
457,.flir,generic,"FLIR Systems, Inc."
458,.florist,generic,"Binky Moon, LLC"
459,.flowers,generic,UNR Corp.
460,.flsmidth,generic,Retired
461,.fly,generic,Charleston Road Registry Inc.
462,.fm,country-code,FSM Telecommunications Corporation
463,.fo,country-code,FO Council
464,.foo,generic,Charleston Road Registry Inc.
465,.food,generic,"Lifestyle Domain Holdings, Inc."
466,.foodnetwork,generic,"Lifestyle Domain Holdings, Inc."
467,.football,generic,"Binky Moon, LLC"
468,.ford,generic,Ford Motor Company
469,.forex,generic,"Dog Beach, LLC"
470,.forsale,generic,"Dog Beach, LLC"
471,.forum,generic,"Fegistry, LLC"
472,.foundation,generic,"Binky Moon, LLC"
473,.fox,generic,"FOX Registry, LLC"
474,.fr,country-code,Association Française pour le Nommage Internet en Coopération (A.F.N.I.C.)
475,.free,generic,"Amazon Registry Services, Inc."
476,.fresenius,generic,Fresenius Immobilien-Verwaltungs-GmbH
477,.frl,generic,FRLregistry B.V.
478,.frogans,generic,OP3FT
479,.frontdoor,generic,"Lifestyle Domain Holdings, Inc."
480,.frontier,generic,Frontier Communications Corporation
481,.ftr,generic,Frontier Communications Corporation
482,.fujitsu,generic,Fujitsu Limited
483,.fujixerox,generic,Not assigned
484,.fun,generic,Radix FZC
485,.fund,generic,"Binky Moon, LLC"
486,.furniture,generic,"Binky Moon, LLC"
487,.futbol,generic,"Dog Beach, LLC"
488,.fyi,generic,"Binky Moon, LLC"
489,.ga,country-code,Agence Nationale des Infrastructures Numériques et des Fréquences (ANINF)
490,.gal,generic,Asociación puntoGAL
491,.gallery,generic,"Binky Moon, LLC"
492,.gallo,generic,"Gallo Vineyards, Inc."
493,.gallup,generic,"Gallup, Inc."
494,.game,generic,UNR Corp.
495,.games,generic,"Dog Beach, LLC"
496,.gap,generic,"The Gap, Inc."
497,.garden,generic,"Registry Services, LLC"
498,.gay,generic,"Top Level Design, LLC"
499,.gb,country-code,Reserved Domain - IANA
500,.gbiz,generic,Charleston Road Registry Inc.
501,.gd,country-code,The National Telecommunications Regulatory Commission (NTRC)
502,.gdn,generic,"Joint Stock Company ""Navigation-information systems"""
503,.ge,country-code,Caucasus Online LLC
504,.gea,generic,GEA Group Aktiengesellschaft
505,.gent,generic,Combell nv
506,.genting,generic,Resorts World Inc. Pte. Ltd.
507,.george,generic,"Wal-Mart Stores, Inc."
508,.gf,country-code,CANAL+ TELECOM
509,.gg,country-code,Island Networks Ltd.
510,.ggee,generic,"GMO Internet, Inc."
511,.gh,country-code,Network Computer Systems Limited
512,.gi,country-code,Sapphire Networks
513,.gift,generic,"Uniregistry, Corp."
514,.gifts,generic,"Binky Moon, LLC"
515,.gives,generic,"Dog Beach, LLC"
516,.giving,generic,Giving Limited
517,.gl,country-code,TELE Greenland A/S
518,.glade,generic,Not assigned
519,.glass,generic,"Binky Moon, LLC"
520,.gle,generic,Charleston Road Registry Inc.
521,.global,generic,Dot Global Domain Registry Limited
522,.globo,generic,Globo Comunicação e Participações S.A
523,.gm,country-code,GM-NIC
524,.gmail,generic,Charleston Road Registry Inc.
525,.gmbh,generic,"Binky Moon, LLC"
526,.gmo,generic,"GMO Internet, Inc."
527,.gmx,generic,1&1 Mail & Media GmbH
528,.gn,country-code,Centre National des Sciences Halieutiques de Boussoura
529,.godaddy,generic,"Go Daddy East, LLC"
530,.gold,generic,"Binky Moon, LLC"
531,.goldpoint,generic,"YODOBASHI CAMERA CO.,LTD."
532,.golf,generic,"Binky Moon, LLC"
533,.goo,generic,NTT Resonant Inc.
534,.goodhands,generic,Not assigned
535,.goodyear,generic,The Goodyear Tire & Rubber Company
536,.goog,generic,Charleston Road Registry Inc.
537,.google,generic,Charleston Road Registry Inc.
538,.gop,generic,"Republican State Leadership Committee, Inc."
539,.got,generic,"Amazon Registry Services, Inc."
540,.gov,sponsored,Cybersecurity and Infrastructure Security Agency
541,.gp,country-code,Networking Technologies Group
542,.gq,country-code,GETESA
543,.gr,country-code,ICS-FORTH GR
544,.grainger,generic,"Grainger Registry Services, LLC"
545,.graphics,generic,"Binky Moon, LLC"
546,.gratis,generic,"Binky Moon, LLC"
547,.green,generic,Afilias Limited
548,.gripe,generic,"Binky Moon, LLC"
549,.grocery,generic,"Wal-Mart Stores, Inc."
550,.group,generic,"Binky Moon, LLC"
551,.gs,country-code,Government of South Georgia and South Sandwich Islands (GSGSSI)
552,.gt,country-code,Universidad del Valle de Guatemala
553,.gu,country-code,University of Guam
554,.guardian,generic,The Guardian Life Insurance Company of America
555,.gucci,generic,Guccio Gucci S.p.a.
556,.guge,generic,Charleston Road Registry Inc.
557,.guide,generic,"Binky Moon, LLC"
558,.guitars,generic,UNR Corp.
559,.guru,generic,"Binky Moon, LLC"
560,.gw,country-code,Autoridade Reguladora Nacional - Tecnologias de Informação e Comunicação da Guiné-Bissau
561,.gy,country-code,University of Guyana
562,.hair,generic,XYZ.COM LLC
563,.hamburg,generic,Hamburg Top-Level-Domain GmbH
564,.hangout,generic,Charleston Road Registry Inc.
565,.haus,generic,"Dog Beach, LLC"
566,.hbo,generic,"HBO Registry Services, Inc."
567,.hdfc,generic,HOUSING DEVELOPMENT FINANCE CORPORATION LIMITED
568,.hdfcbank,generic,HDFC Bank Limited
569,.health,generic,"DotHealth, LLC"
570,.healthcare,generic,"Binky Moon, LLC"
571,.help,generic,UNR Corp.
572,.helsinki,generic,City of Helsinki
573,.here,generic,Charleston Road Registry Inc.
574,.hermes,generic,Hermes International
575,.hgtv,generic,"Lifestyle Domain Holdings, Inc."
576,.hiphop,generic,UNR Corp.
577,.hisamitsu,generic,"Hisamitsu Pharmaceutical Co.,Inc."
578,.hitachi,generic,"Hitachi, Ltd."
579,.hiv,generic,UNR Corp.
580,.hk,country-code,Hong Kong Internet Registration Corporation Ltd.
581,.hkt,generic,PCCW-HKT DataCom Services Limited
582,.hm,country-code,HM Domain Registry
583,.hn,country-code,Red de Desarrollo Sostenible Honduras
584,.hockey,generic,"Binky Moon, LLC"
585,.holdings,generic,"Binky Moon, LLC"
586,.holiday,generic,"Binky Moon, LLC"
587,.homedepot,generic,"Home Depot Product Authority, LLC"
588,.homegoods,generic,"The TJX Companies, Inc."
589,.homes,generic,XYZ.COM LLC
590,.homesense,generic,"The TJX Companies, Inc."
591,.honda,generic,"Honda Motor Co., Ltd."
592,.honeywell,generic,Not assigned
593,.horse,generic,"Registry Services, LLC"
594,.hospital,generic,"Binky Moon, LLC"
595,.host,generic,Radix FZC
596,.hosting,generic,UNR Corp.
597,.hot,generic,"Amazon Registry Services, Inc."
598,.hoteles,generic,Travel Reservations SRL
599,.hotels,generic,Booking.com B.V.
600,.hotmail,generic,Microsoft Corporation
601,.house,generic,"Binky Moon, LLC"
602,.how,generic,Charleston Road Registry Inc.
603,.hr,country-code,CARNet - Croatian Academic and Research Network
604,.hsbc,generic,HSBC Global Services (UK) Limited
605,.ht,country-code,Consortium FDS/RDDH
606,.htc,generic,Not assigned
607,.hu,country-code,Council of Hungarian Internet Providers (CHIP)
608,.hughes,generic,Hughes Satellite Systems Corporation
609,.hyatt,generic,"Hyatt GTLD, L.L.C."
610,.hyundai,generic,Hyundai Motor Company
611,.ibm,generic,International Business Machines Corporation
612,.icbc,generic,Industrial and Commercial Bank of China Limited
613,.ice,generic,"IntercontinentalExchange, Inc."
614,.icu,generic,Shortdot SA
615,.id,country-code,Perkumpulan Pengelola Nama Domain Internet Indonesia (PANDI)
616,.ie,country-code,University College Dublin Computing Services Computer Centre
617,.ieee,generic,IEEE Global LLC
618,.ifm,generic,ifm electronic gmbh
619,.iinet,generic,Retired
620,.ikano,generic,Ikano S.A.
621,.il,country-code,The Israel Internet Association (RA)
622,.im,country-code,Isle of Man Government
623,.imamat,generic,Fondation Aga Khan (Aga Khan Foundation)
624,.imdb,generic,"Amazon Registry Services, Inc."
625,.immo,generic,"Binky Moon, LLC"
626,.immobilien,generic,"Dog Beach, LLC"
627,.in,country-code,National Internet Exchange of India
628,.inc,generic,Intercap Registry Inc.
629,.industries,generic,"Binky Moon, LLC"
630,.infiniti,generic,"NISSAN MOTOR CO., LTD."
631,.info,generic,Afilias Limited
632,.ing,generic,Charleston Road Registry Inc.
633,.ink,generic,"Top Level Design, LLC"
634,.institute,generic,"Binky Moon, LLC"
635,.insurance,generic,fTLD Registry Services LLC
636,.insure,generic,"Binky Moon, LLC"
637,.int,sponsored,Internet Assigned Numbers Authority
638,.intel,generic,Not assigned
639,.international,generic,"Binky Moon, LLC"
640,.intuit,generic,"Intuit Administrative Services, Inc."
641,.investments,generic,"Binky Moon, LLC"
642,.io,country-code,Internet Computer Bureau Limited
643,.ipiranga,generic,Ipiranga Produtos de Petroleo S.A.
644,.iq,country-code,Communications and Media Commission (CMC)
645,.ir,country-code,Institute for Research in Fundamental Sciences
646,.irish,generic,"Binky Moon, LLC"
647,.is,country-code,ISNIC - Internet Iceland ltd.
648,.iselect,generic,Not assigned
649,.ismaili,generic,Fondation Aga Khan (Aga Khan Foundation)
650,.ist,generic,Istanbul Metropolitan Municipality
651,.istanbul,generic,Istanbul Metropolitan Municipality
652,.it,country-code,IIT - CNR
653,.itau,generic,Itau Unibanco Holding S.A.
654,.itv,generic,ITV Services Limited
655,.iveco,generic,Not assigned
656,.iwc,generic,Not assigned
657,.jaguar,generic,Jaguar Land Rover Ltd
658,.java,generic,Oracle Corporation
659,.jcb,generic,"JCB Co., Ltd."
660,.jcp,generic,Not assigned
661,.je,country-code,Island Networks (Jersey) Ltd.
662,.jeep,generic,FCA US LLC.
663,.jetzt,generic,"Binky Moon, LLC"
664,.jewelry,generic,"Binky Moon, LLC"
665,.jio,generic,"Affinity Names, Inc."
666,.jlc,generic,Not assigned
667,.jll,generic,Jones Lang LaSalle Incorporated
668,.jm,country-code,University of West Indies
669,.jmp,generic,Matrix IP LLC
670,.jnj,generic,"Johnson & Johnson Services, Inc."
671,.jo,country-code,Ministry of Digital Economy and Entrepreneurship (MoDEE)
672,.jobs,sponsored,Employ Media LLC
673,.joburg,generic,ZA Central Registry NPC trading as ZA Central Registry
674,.jot,generic,"Amazon Registry Services, Inc."
675,.joy,generic,"Amazon Registry Services, Inc."
676,.jp,country-code,"Japan Registry Services Co., Ltd."
677,.jpmorgan,generic,"JPMorgan Chase Bank, National Association"
678,.jprs,generic,"Japan Registry Services Co., Ltd."
679,.juegos,generic,UNR Corp.
680,.juniper,generic,"JUNIPER NETWORKS, INC."
681,.kaufen,generic,"Dog Beach, LLC"
682,.kddi,generic,KDDI CORPORATION
683,.ke,country-code,Kenya Network Information Center (KeNIC)
684,.kerryhotels,generic,Kerry Trading Co. Limited
685,.kerrylogistics,generic,Kerry Trading Co. Limited
686,.kerryproperties,generic,Kerry Trading Co. Limited
687,.kfh,generic,Kuwait Finance House
688,.kg,country-code,AsiaInfo Telecommunication Enterprise
689,.kh,country-code,Telecommunication Regulator of Cambodia (TRC)
690,.ki,country-code,"Ministry of Communications, Transport, and Tourism Development"
691,.kia,generic,KIA MOTORS CORPORATION
692,.kim,generic,Afilias Limited
693,.kinder,generic,Ferrero Trading Lux S.A.
694,.kindle,generic,"Amazon Registry Services, Inc."
695,.kitchen,generic,"Binky Moon, LLC"
696,.kiwi,generic,DOT KIWI LIMITED
697,.km,country-code,Comores Telecom
698,.kn,country-code,"Ministry of Finance, Sustainable Development Information & Technology"
699,.koeln,generic,dotKoeln GmbH
700,.komatsu,generic,Komatsu Ltd.
701,.kosher,generic,Kosher Marketing Assets LLC
702,.kp,country-code,Star Joint Venture Company
703,.kpmg,generic,KPMG International Cooperative (KPMG International Genossenschaft)
704,.kpn,generic,Koninklijke KPN N.V.
705,.kr,country-code,Korea Internet & Security Agency (KISA)
706,.krd,generic,KRG Department of Information Technology
707,.kred,generic,KredTLD Pty Ltd
708,.kuokgroup,generic,Kerry Trading Co. Limited
709,.kw,country-code,Communications and Information Technology Regulatory Authority
710,.ky,country-code,Utility Regulation and Competition Office (OfReg)
711,.kyoto,generic,Academic Institution: Kyoto Jyoho Gakuen
712,.kz,country-code,Association of IT Companies of Kazakhstan
713,.la,country-code,"Lao National Internet Committee (LANIC), Ministry of Posts and Telecommunications"
714,.lacaixa,generic,CAIXA D'ESTALVIS I PENSIONS DE BARCELONA
715,.ladbrokes,generic,Not assigned
716,.lamborghini,generic,Automobili Lamborghini S.p.A.
717,.lamer,generic,The Estée Lauder Companies Inc.
718,.lancaster,generic,LANCASTER
719,.lancia,generic,Fiat Chrysler Automobiles N.V.
720,.lancome,generic,Not assigned
721,.land,generic,"Binky Moon, LLC"
722,.landrover,generic,Jaguar Land Rover Ltd
723,.lanxess,generic,LANXESS Corporation
724,.lasalle,generic,Jones Lang LaSalle Incorporated
725,.lat,generic,ECOM-LAC Federación de Latinoamérica y el Caribe para Internet y el Comercio Electrónico
726,.latino,generic,Dish DBS Corporation
727,.latrobe,generic,La Trobe University
728,.law,generic,"Registry Services, LLC"
729,.lawyer,generic,"Dog Beach, LLC"
730,.lb,country-code,American University of Beirut Computing and Networking Services
731,.lc,country-code,University of Puerto Rico
732,.lds,generic,"IRI Domain Management, LLC"
733,.lease,generic,"Binky Moon, LLC"
734,.leclerc,generic,A.C.D. LEC Association des Centres Distributeurs Edouard Leclerc
735,.lefrak,generic,"LeFrak Organization, Inc."
736,.legal,generic,"Binky Moon, LLC"
737,.lego,generic,LEGO Juris A/S
738,.lexus,generic,TOYOTA MOTOR CORPORATION
739,.lgbt,generic,Afilias Limited
740,.li,country-code,SWITCH The Swiss Education & Research Network
741,.liaison,generic,Not assigned
742,.lidl,generic,Schwarz Domains und Services GmbH & Co. KG
743,.life,generic,"Binky Moon, LLC"
744,.lifeinsurance,generic,American Council of Life Insurers
745,.lifestyle,generic,"Lifestyle Domain Holdings, Inc."
746,.lighting,generic,"Binky Moon, LLC"
747,.like,generic,"Amazon Registry Services, Inc."
748,.lilly,generic,Eli Lilly and Company
749,.limited,generic,"Binky Moon, LLC"
750,.limo,generic,"Binky Moon, LLC"
751,.lincoln,generic,Ford Motor Company
752,.linde,generic,Linde Aktiengesellschaft
753,.link,generic,UNR Corp.
754,.lipsy,generic,Lipsy Ltd
755,.live,generic,"Dog Beach, LLC"
756,.living,generic,"Lifestyle Domain Holdings, Inc."
757,.lixil,generic,Not assigned
758,.lk,country-code,Council for Information Technology LK Domain Registrar
759,.llc,generic,Afilias Limited
760,.llp,generic,UNR Corp.
761,.loan,generic,dot Loan Limited
762,.loans,generic,"Binky Moon, LLC"
763,.locker,generic,Dish DBS Corporation
764,.locus,generic,Locus Analytics LLC
765,.loft,generic,"Annco, Inc."
766,.lol,generic,UNR Corp.
767,.london,generic,Dot London Domains Limited
768,.lotte,generic,"Lotte Holdings Co., Ltd."
769,.lotto,generic,Afilias Limited
770,.love,generic,Merchant Law Group LLP
771,.lpl,generic,"LPL Holdings, Inc."
772,.lplfinancial,generic,"LPL Holdings, Inc."
773,.lr,country-code,"Data Technology Solutions, Inc."
774,.ls,country-code,Lesotho Network Information Centre Proprietary (LSNIC)
775,.lt,country-code,Kaunas University of Technology
776,.ltd,generic,"Binky Moon, LLC"
777,.ltda,generic,InterNetX Corp.
778,.lu,country-code,RESTENA
779,.lundbeck,generic,H. Lundbeck A/S
780,.lupin,generic,Not assigned
781,.luxe,generic,"Registry Services, LLC"
782,.luxury,generic,Luxury Partners LLC
783,.lv,country-code,University of Latvia Institute of Mathematics and Computer Science Department of Network Solutions (DNS)
784,.ly,country-code,General Post and Telecommunication Company
785,.ma,country-code,Agence Nationale de Réglementation des Télécommunications (ANRT)
786,.macys,generic,"Macys, Inc."
787,.madrid,generic,Comunidad de Madrid
788,.maif,generic,Mutuelle Assurance Instituteur France (MAIF)
789,.maison,generic,"Binky Moon, LLC"
790,.makeup,generic,XYZ.COM LLC
791,.man,generic,MAN SE
792,.management,generic,"Binky Moon, LLC"
793,.mango,generic,PUNTO FA S.L.
794,.map,generic,Charleston Road Registry Inc.
795,.market,generic,"Dog Beach, LLC"
796,.marketing,generic,"Binky Moon, LLC"
797,.markets,generic,"Dog Beach, LLC"
798,.marriott,generic,Marriott Worldwide Corporation
799,.marshalls,generic,"The TJX Companies, Inc."
800,.maserati,generic,Fiat Chrysler Automobiles N.V.
801,.mattel,generic,"Mattel Sites, Inc."
802,.mba,generic,"Binky Moon, LLC"
803,.mc,country-code,Direction des Plateformes et des Ressources Numériques
804,.mcd,generic,Not assigned
805,.mcdonalds,generic,Not assigned
806,.mckinsey,generic,"McKinsey Holdings, Inc."
807,.md,country-code,IP Serviciul Tehnologia Informatiei si Securitate Cibernetica
808,.me,country-code,Government of Montenegro
809,.med,generic,Medistry LLC
810,.media,generic,"Binky Moon, LLC"
811,.meet,generic,Charleston Road Registry Inc.
812,.melbourne,generic,"The Crown in right of the State of Victoria, represented by its Department of State Development, Business and Innovation"
813,.meme,generic,Charleston Road Registry Inc.
814,.memorial,generic,"Dog Beach, LLC"
815,.men,generic,Exclusive Registry Limited
816,.menu,generic,"Wedding TLD2, LLC"
817,.meo,generic,Not assigned
818,.merckmsd,generic,"MSD Registry Holdings, Inc."
819,.metlife,generic,Not assigned
820,.mf,country-code,Not assigned
821,.mg,country-code,NIC-MG (Network Information Center Madagascar)
822,.mh,country-code,Office of the Cabinet
823,.miami,generic,"Registry Services, LLC"
824,.microsoft,generic,Microsoft Corporation
825,.mil,sponsored,DoD Network Information Center
826,.mini,generic,Bayerische Motoren Werke Aktiengesellschaft
827,.mint,generic,"Intuit Administrative Services, Inc."
828,.mit,generic,Massachusetts Institute of Technology
829,.mitsubishi,generic,Mitsubishi Corporation
830,.mk,country-code,Macedonian Academic Research Network Skopje
831,.ml,country-code,Agence des Technologies de l’Information et de la Communication
832,.mlb,generic,"MLB Advanced Media DH, LLC"
833,.mls,generic,The Canadian Real Estate Association
834,.mm,country-code,Ministry of Transport and Communications
835,.mma,generic,MMA IARD
836,.mn,country-code,"Datacom Co., Ltd."
837,.mo,country-code,Macao Post and Telecommunications Bureau (CTT)
838,.mobi,generic,Afilias Limited
839,.mobile,generic,Dish DBS Corporation
840,.mobily,generic,Not assigned
841,.moda,generic,"Dog Beach, LLC"
842,.moe,generic,"Interlink Co., Ltd."
843,.moi,generic,"Amazon Registry Services, Inc."
844,.mom,generic,UNR Corp.
845,.monash,generic,Monash University
846,.money,generic,"Binky Moon, LLC"
847,.monster,generic,XYZ.COM LLC
848,.montblanc,generic,Not assigned
849,.mopar,generic,Not assigned
850,.mormon,generic,"IRI Domain Management, LLC (""Applicant"")"
851,.mortgage,generic,"Dog Beach, LLC"
852,.moscow,generic,Foundation for Assistance for Internet Technologies and Infrastructure Development (FAITID)
853,.moto,generic,"Motorola Trademark Holdings, LLC"
854,.motorcycles,generic,XYZ.COM LLC
855,.mov,generic,Charleston Road Registry Inc.
856,.movie,generic,"Binky Moon, LLC"
857,.movistar,generic,Not assigned
858,.mp,country-code,"Saipan Datacom, Inc."
859,.mq,country-code,CANAL+ TELECOM
860,.mr,country-code,Université de Nouakchott Al Aasriya
861,.ms,country-code,MNI Networks Ltd.
862,.msd,generic,"MSD Registry Holdings, Inc."
863,.mt,country-code,NIC (Malta)
864,.mtn,generic,MTN Dubai Limited
865,.mtpc,generic,Retired
866,.mtr,generic,MTR Corporation Limited
867,.mu,country-code,Internet Direct Ltd
868,.museum,sponsored,Museum Domain Management Association
869,.music,generic,DotMusic Limited
870,.mutual,generic,"Northwestern Mutual MU TLD Registry, LLC"
871,.mutuelle,generic,Retired
872,.mv,country-code,Dhiraagu Pvt. Ltd. (DHIVEHINET)
873,.mw,country-code,Malawi Sustainable Development Network Programme (Malawi SDNP)
874,.mx,country-code,NIC-Mexico ITESM - Campus Monterrey
875,.my,country-code,MYNIC Berhad
876,.mz,country-code,Centro de Informatica de Universidade Eduardo Mondlane
877,.na,country-code,Namibian Network Information Center
878,.nab,generic,National Australia Bank Limited
879,.nadex,generic,Not assigned
880,.nagoya,generic,"GMO Registry, Inc."
881,.name,generic-restricted,"VeriSign Information Services, Inc."
882,.nationwide,generic,Not assigned
883,.natura,generic,NATURA COSMÉTICOS S.A.
884,.navy,generic,"Dog Beach, LLC"
885,.nba,generic,"NBA REGISTRY, LLC"
886,.nc,country-code,Office des Postes et Telecommunications
887,.ne,country-code,SONITEL
888,.nec,generic,NEC Corporation
889,.net,generic,VeriSign Global Registry Services
890,.netbank,generic,COMMONWEALTH BANK OF AUSTRALIA
891,.netflix,generic,"Netflix, Inc."
892,.network,generic,"Binky Moon, LLC"
893,.neustar,generic,"NeuStar, Inc."
894,.new,generic,Charleston Road Registry Inc.
895,.newholland,generic,Not assigned
896,.news,generic,"Dog Beach, LLC"
897,.next,generic,Next plc
898,.nextdirect,generic,Next plc
899,.nexus,generic,Charleston Road Registry Inc.
900,.nf,country-code,Norfolk Island Data Services
901,.nfl,generic,NFL Reg Ops LLC
902,.ng,country-code,Nigeria Internet Registration Association
903,.ngo,generic,Public Interest Registry
904,.nhk,generic,Japan Broadcasting Corporation (NHK)
905,.ni,country-code,Universidad Nacional del Ingernieria Centro de Computo
906,.nico,generic,"DWANGO Co., Ltd."
907,.nike,generic,"NIKE, Inc."
908,.nikon,generic,NIKON CORPORATION
909,.ninja,generic,"Dog Beach, LLC"
910,.nissan,generic,"NISSAN MOTOR CO., LTD."
911,.nissay,generic,Nippon Life Insurance Company
912,.nl,country-code,SIDN (Stichting Internet Domeinregistratie Nederland)
913,.no,country-code,Norid A/S
914,.nokia,generic,Nokia Corporation
915,.northwesternmutual,generic,"Northwestern Mutual Registry, LLC"
916,.norton,generic,Symantec Corporation
917,.now,generic,"Amazon Registry Services, Inc."
918,.nowruz,generic,Asia Green IT System Bilgisayar San. ve Tic. Ltd. Sti.
919,.nowtv,generic,Starbucks (HK) Limited
920,.np,country-code,Mercantile Communications Pvt. Ltd.
921,.nr,country-code,CENPAC NET
922,.nra,generic,"NRA Holdings Company, INC."
923,.nrw,generic,Minds + Machines GmbH
924,.ntt,generic,NIPPON TELEGRAPH AND TELEPHONE CORPORATION
925,.nu,country-code,The IUSN Foundation
926,.nyc,generic,The City of New York by and through the New York City Department of Information Technology & Telecommunications
927,.nz,country-code,InternetNZ
928,.obi,generic,OBI Group Holding SE & Co. KGaA
929,.observer,generic,"Dog Beach, LLC"
930,.off,generic,Not assigned
931,.office,generic,Microsoft Corporation
932,.okinawa,generic,"BRregistry, Inc."
933,.olayan,generic,Crescent Holding GmbH
934,.olayangroup,generic,Crescent Holding GmbH
935,.oldnavy,generic,"The Gap, Inc."
936,.ollo,generic,Dish DBS Corporation
937,.om,country-code,Telecommunications Regulatory Authority (TRA)
938,.omega,generic,The Swatch Group Ltd
939,.one,generic,One.com A/S
940,.ong,generic,Public Interest Registry
941,.onl,generic,iRegistry GmbH
942,.online,generic,Radix FZC
943,.onyourside,generic,Not assigned
944,.ooo,generic,INFIBEAM INCORPORATION LIMITED
945,.open,generic,"American Express Travel Related Services Company, Inc."
946,.oracle,generic,Oracle Corporation
947,.orange,generic,Orange Brand Services Limited
948,.org,generic,Public Interest Registry (PIR)
949,.organic,generic,Afilias Limited
950,.orientexpress,generic,Retired
951,.origins,generic,The Estée Lauder Companies Inc.
952,.osaka,generic,"Osaka Registry Co., Ltd."
953,.otsuka,generic,"Otsuka Holdings Co., Ltd."
954,.ott,generic,Dish DBS Corporation
955,.ovh,generic,OVH SAS
956,.pa,country-code,Universidad Tecnologica de Panama
957,.page,generic,Charleston Road Registry Inc.
958,.pamperedchef,generic,Not assigned
959,.panasonic,generic,Panasonic Corporation
960,.panerai,generic,Not assigned
961,.paris,generic,City of Paris
962,.pars,generic,Asia Green IT System Bilgisayar San. ve Tic. Ltd. Sti.
963,.partners,generic,"Binky Moon, LLC"
964,.parts,generic,"Binky Moon, LLC"
965,.party,generic,Blue Sky Registry Limited
966,.passagens,generic,Travel Reservations SRL
967,.pay,generic,"Amazon Registry Services, Inc."
968,.pccw,generic,PCCW Enterprises Limited
969,.pe,country-code,Red Cientifica Peruana
970,.pet,generic,Afilias Limited
971,.pf,country-code,Gouvernement de la Polynésie française
972,.pfizer,generic,Pfizer Inc.
973,.pg,country-code,PNG DNS Administration Vice Chancellors Office The Papua New Guinea University of Technology
974,.ph,country-code,PH Domain Foundation
975,.pharmacy,generic,National Association of Boards of Pharmacy
976,.phd,generic,Charleston Road Registry Inc.
977,.philips,generic,Koninklijke Philips N.V.
978,.phone,generic,Dish DBS Corporation
979,.photo,generic,UNR Corp.
980,.photography,generic,"Binky Moon, LLC"
981,.photos,generic,"Binky Moon, LLC"
982,.physio,generic,PhysBiz Pty Ltd
983,.piaget,generic,Not assigned
984,.pics,generic,UNR Corp.
985,.pictet,generic,Pictet Europe S.A.
986,.pictures,generic,"Binky Moon, LLC"
987,.pid,generic,"Top Level Spectrum, Inc."
988,.pin,generic,"Amazon Registry Services, Inc."
989,.ping,generic,"Ping Registry Provider, Inc."
990,.pink,generic,Afilias Limited
991,.pioneer,generic,Pioneer Corporation
992,.pizza,generic,"Binky Moon, LLC"
993,.pk,country-code,PKNIC
994,.pl,country-code,Research and Academic Computer Network
995,.place,generic,"Binky Moon, LLC"
996,.play,generic,Charleston Road Registry Inc.
997,.playstation,generic,Sony Computer Entertainment Inc.
998,.plumbing,generic,"Binky Moon, LLC"
999,.plus,generic,"Binky Moon, LLC"
1000,.pm,country-code,Association Française pour le Nommage Internet en Coopération (A.F.N.I.C.)
1001,.pn,country-code,Pitcairn Island Administration
1002,.pnc,generic,"PNC Domain Co., LLC"
1003,.pohl,generic,Deutsche Vermögensberatung Aktiengesellschaft DVAG
1004,.poker,generic,Afilias Limited
1005,.politie,generic,Politie Nederland
1006,.porn,generic,ICM Registry PN LLC
1007,.post,sponsored,Universal Postal Union
1008,.pr,country-code,Gauss Research Laboratory Inc.
1009,.pramerica,generic,"Prudential Financial, Inc."
1010,.praxi,generic,Praxi S.p.A.
1011,.press,generic,Radix FZC
1012,.prime,generic,"Amazon Registry Services, Inc."
1013,.pro,generic-restricted,Afilias Limited
1014,.prod,generic,Charleston Road Registry Inc.
1015,.productions,generic,"Binky Moon, LLC"
1016,.prof,generic,Charleston Road Registry Inc.
1017,.progressive,generic,Progressive Casualty Insurance Company
1018,.promo,generic,Afilias Limited
1019,.properties,generic,"Binky Moon, LLC"
1020,.property,generic,UNR Corp.
1021,.protection,generic,XYZ.COM LLC
1022,.pru,generic,"Prudential Financial, Inc."
1023,.prudential,generic,"Prudential Financial, Inc."
1024,.ps,country-code,"Ministry Of Telecommunications & Information Technology, Government Computer Center."
1025,.pt,country-code,Associação DNS.PT
1026,.pub,generic,"Dog Beach, LLC"
1027,.pw,country-code,Micronesia Investment and Development Corporation
1028,.pwc,generic,PricewaterhouseCoopers LLP
1029,.py,country-code,NIC-PY
1030,.qa,country-code,Communications Regulatory Authority
1031,.qpon,generic,"dotCOOL, Inc."
1032,.quebec,generic,PointQuébec Inc
1033,.quest,generic,XYZ.COM LLC
1034,.qvc,generic,Not assigned
1035,.racing,generic,Premier Registry Limited
1036,.radio,generic,European Broadcasting Union (EBU)
1037,.raid,generic,Not assigned
1038,.re,country-code,Association Française pour le Nommage Internet en Coopération (A.F.N.I.C.)
1039,.read,generic,"Amazon Registry Services, Inc."
1040,.realestate,generic,dotRealEstate LLC
1041,.realtor,generic,Real Estate Domains LLC
1042,.realty,generic,"Dog Beach, LLC"
1043,.recipes,generic,"Binky Moon, LLC"
1044,.red,generic,Afilias Limited
1045,.redstone,generic,"Redstone Haute Couture Co., Ltd."
1046,.redumbrella,generic,"Travelers TLD, LLC"
1047,.rehab,generic,"Dog Beach, LLC"
1048,.reise,generic,"Binky Moon, LLC"
1049,.reisen,generic,"Binky Moon, LLC"
1050,.reit,generic,"National Association of Real Estate Investment Trusts, Inc."
1051,.reliance,generic,Reliance Industries Limited
1052,.ren,generic,ZDNS International Limited
1053,.rent,generic,XYZ.COM LLC
1054,.rentals,generic,"Binky Moon, LLC"
1055,.repair,generic,"Binky Moon, LLC"
1056,.report,generic,"Binky Moon, LLC"
1057,.republican,generic,"Dog Beach, LLC"
1058,.rest,generic,Punto 2012 Sociedad Anonima Promotora de Inversion de Capital Variable
1059,.restaurant,generic,"Binky Moon, LLC"
1060,.review,generic,dot Review Limited
1061,.reviews,generic,"Dog Beach, LLC"
1062,.rexroth,generic,Robert Bosch GMBH
1063,.rich,generic,iRegistry GmbH
1064,.richardli,generic,Pacific Century Asset Management (HK) Limited
1065,.ricoh,generic,"Ricoh Company, Ltd."
1066,.rightathome,generic,Not assigned
1067,.ril,generic,Reliance Industries Limited
1068,.rio,generic,Empresa Municipal de Informática SA - IPLANRIO
1069,.rip,generic,"Dog Beach, LLC"
1070,.rmit,generic,Not assigned
1071,.ro,country-code,National Institute for R&D in Informatics
1072,.rocher,generic,Ferrero Trading Lux S.A.
1073,.rocks,generic,"Dog Beach, LLC"
1074,.rodeo,generic,"Registry Services, LLC"
1075,.rogers,generic,Rogers Communications Canada Inc.
1076,.room,generic,"Amazon Registry Services, Inc."
1077,.rs,country-code,Serbian National Internet Domain Registry (RNIDS)
1078,.rsvp,generic,Charleston Road Registry Inc.
1079,.ru,country-code,Coordination Center for TLD RU
1080,.rugby,generic,World Rugby Strategic Developments Limited
1081,.ruhr,generic,regiodot GmbH & Co. KG
1082,.run,generic,"Binky Moon, LLC"
1083,.rw,country-code,Rwanda Internet Community and Technology Alliance (RICTA) Ltd
1084,.rwe,generic,RWE AG
1085,.ryukyu,generic,"BRregistry, Inc."
1086,.sa,country-code,Communications and Information Technology Commission
1087,.saarland,generic,dotSaarland GmbH
1088,.safe,generic,"Amazon Registry Services, Inc."
1089,.safety,generic,"Safety Registry Services, LLC."
1090,.sakura,generic,SAKURA Internet Inc.
1091,.sale,generic,"Dog Beach, LLC"
1092,.salon,generic,"Binky Moon, LLC"
1093,.samsclub,generic,"Wal-Mart Stores, Inc."
1094,.samsung,generic,"SAMSUNG SDS CO., LTD"
1095,.sandvik,generic,Sandvik AB
1096,.sandvikcoromant,generic,Sandvik AB
1097,.sanofi,generic,Sanofi
1098,.sap,generic,SAP AG
1099,.sapo,generic,Not assigned
1100,.sarl,generic,"Binky Moon, LLC"
1101,.sas,generic,Research IP LLC
1102,.save,generic,"Amazon Registry Services, Inc."
1103,.saxo,generic,Saxo Bank A/S
1104,.sb,country-code,Solomon Telekom Company Limited
1105,.sbi,generic,STATE BANK OF INDIA
1106,.sbs,generic,SPECIAL BROADCASTING SERVICE CORPORATION
1107,.sc,country-code,VCS Pty Ltd
1108,.sca,generic,SVENSKA CELLULOSA AKTIEBOLAGET SCA (publ)
1109,.scb,generic,"The Siam Commercial Bank Public Company Limited (""SCB"")"
1110,.schaeffler,generic,Schaeffler Technologies AG & Co. KG
1111,.schmidt,generic,SCHMIDT GROUPE S.A.S.
1112,.scholarships,generic,"Scholarships.com, LLC"
1113,.school,generic,"Binky Moon, LLC"
1114,.schule,generic,"Binky Moon, LLC"
1115,.schwarz,generic,Schwarz Domains und Services GmbH & Co. KG
1116,.science,generic,dot Science Limited
1117,.scjohnson,generic,Not assigned
1118,.scor,generic,Not assigned
1119,.scot,generic,Dot Scot Registry Limited
1120,.sd,country-code,Sudan Internet Society
1121,.se,country-code,The Internet Infrastructure Foundation
1122,.search,generic,Charleston Road Registry Inc.
1123,.seat,generic,"SEAT, S.A. (Sociedad Unipersonal)"
1124,.secure,generic,"Amazon Registry Services, Inc."
1125,.security,generic,XYZ.COM LLC
1126,.seek,generic,Seek Limited
1127,.select,generic,"Registry Services, LLC"
1128,.sener,generic,"Sener Ingeniería y Sistemas, S.A."
1129,.services,generic,"Binky Moon, LLC"
1130,.ses,generic,SES
1131,.seven,generic,Seven West Media Ltd
1132,.sew,generic,SEW-EURODRIVE GmbH & Co KG
1133,.sex,generic,ICM Registry SX LLC
1134,.sexy,generic,UNR Corp.
1135,.sfr,generic,Societe Francaise du Radiotelephone - SFR
1136,.sg,country-code,Singapore Network Information Centre (SGNIC) Pte Ltd
1137,.sh,country-code,Government of St. Helena
1138,.shangrila,generic,Shangri‐La International Hotel Management Limited
1139,.sharp,generic,Sharp Corporation
1140,.shaw,generic,Shaw Cablesystems G.P.
1141,.shell,generic,Shell Information Technology International Inc
1142,.shia,generic,Asia Green IT System Bilgisayar San. ve Tic. Ltd. Sti.
1143,.shiksha,generic,Afilias Limited
1144,.shoes,generic,"Binky Moon, LLC"
1145,.shop,generic,"GMO Registry, Inc."
1146,.shopping,generic,"Binky Moon, LLC"
1147,.shouji,generic,QIHOO 360 TECHNOLOGY CO. LTD.
1148,.show,generic,"Binky Moon, LLC"
1149,.showtime,generic,CBS Domains Inc.
1150,.shriram,generic,Not assigned
1151,.si,country-code,Academic and Research Network of Slovenia (ARNES)
1152,.silk,generic,"Amazon Registry Services, Inc."
1153,.sina,generic,Sina Corporation
1154,.singles,generic,"Binky Moon, LLC"
1155,.site,generic,Radix FZC
1156,.sj,country-code,Norid A/S
1157,.sk,country-code,"SK-NIC, a.s."
1158,.ski,generic,Afilias Limited
1159,.skin,generic,XYZ.COM LLC
1160,.sky,generic,Sky International AG
1161,.skype,generic,Microsoft Corporation
1162,.sl,country-code,Sierratel
1163,.sling,generic,Hughes Satellite Systems Corporation
1164,.sm,country-code,Telecom Italia San Marino S.p.A.
1165,.smart,generic,"Smart Communications, Inc. (SMART)"
1166,.smile,generic,"Amazon Registry Services, Inc."
1167,.sn,country-code,Universite Cheikh Anta Diop NIC Senegal
1168,.sncf,generic,SNCF (Société Nationale des Chemins de fer Francais)
1169,.so,country-code,Ministry of Post and Telecommunications
1170,.soccer,generic,"Binky Moon, LLC"
1171,.social,generic,"Dog Beach, LLC"
1172,.softbank,generic,SoftBank Group Corp.
1173,.software,generic,"Dog Beach, LLC"
1174,.sohu,generic,Sohu.com Limited
1175,.solar,generic,"Binky Moon, LLC"
1176,.solutions,generic,"Binky Moon, LLC"
1177,.song,generic,"Amazon Registry Services, Inc."
1178,.sony,generic,Sony Corporation
1179,.soy,generic,Charleston Road Registry Inc.
1180,.spa,generic,Asia Spa and Wellness Promotion Council Limited
1181,.space,generic,Radix FZC
1182,.spiegel,generic,Not assigned
1183,.sport,generic,Global Association of International Sports Federations (GAISF)
1184,.spot,generic,"Amazon Registry Services, Inc."
1185,.spreadbetting,generic,Not assigned
1186,.sr,country-code,Telesur
1187,.srl,generic,InterNetX Corp.
1188,.srt,generic,Not assigned
1189,.ss,country-code,National Communication Authority (NCA)
1190,.st,country-code,Tecnisys
1191,.stada,generic,STADA Arzneimittel AG
1192,.staples,generic,"Staples, Inc."
1193,.star,generic,Star India Private Limited
1194,.starhub,generic,Not assigned
1195,.statebank,generic,STATE BANK OF INDIA
1196,.statefarm,generic,State Farm Mutual Automobile Insurance Company
1197,.statoil,generic,Not assigned
1198,.stc,generic,Saudi Telecom Company
1199,.stcgroup,generic,Saudi Telecom Company
1200,.stockholm,generic,Stockholms kommun
1201,.storage,generic,XYZ.COM LLC
1202,.store,generic,Radix FZC
1203,.stream,generic,dot Stream Limited
1204,.studio,generic,"Dog Beach, LLC"
1205,.study,generic,OPEN UNIVERSITIES AUSTRALIA PTY LTD
1206,.style,generic,"Binky Moon, LLC"
1207,.su,country-code,Russian Institute for Development of Public Networks (ROSNIIROS)
1208,.sucks,generic,Vox Populi Registry Ltd.
1209,.supplies,generic,"Binky Moon, LLC"
1210,.supply,generic,"Binky Moon, LLC"
1211,.support,generic,"Binky Moon, LLC"
1212,.surf,generic,"Registry Services, LLC"
1213,.surgery,generic,"Binky Moon, LLC"
1214,.suzuki,generic,SUZUKI MOTOR CORPORATION
1215,.sv,country-code,SVNet
1216,.swatch,generic,The Swatch Group Ltd
1217,.swiftcover,generic,Not assigned
1218,.swiss,generic,Swiss Confederation
1219,.sx,country-code,SX Registry SA B.V.
1220,.sy,country-code,National Agency for Network Services (NANS)
1221,.sydney,generic,"State of New South Wales, Department of Premier and Cabinet"
1222,.symantec,generic,Not assigned
1223,.systems,generic,"Binky Moon, LLC"
1224,.sz,country-code,University of Swaziland Department of Computer Science
1225,.tab,generic,Tabcorp Holdings Limited
1226,.taipei,generic,Taipei City Government
1227,.talk,generic,"Amazon Registry Services, Inc."
1228,.taobao,generic,Alibaba Group Holding Limited
1229,.target,generic,"Target Domain Holdings, LLC"
1230,.tatamotors,generic,Tata Motors Ltd
1231,.tatar,generic,"Limited Liability Company ""Coordination Center of Regional Domain of Tatarstan Republic"""
1232,.tattoo,generic,UNR Corp.
1233,.tax,generic,"Binky Moon, LLC"
1234,.taxi,generic,"Binky Moon, LLC"
1235,.tc,country-code,Melrex TC
1236,.tci,generic,Asia Green IT System Bilgisayar San. ve Tic. Ltd. Sti.
1237,.td,country-code,l'Agence de Développement des Technologies de l'Information et de la Communication (ADETIC)
1238,.tdk,generic,TDK Corporation
1239,.team,generic,"Binky Moon, LLC"
1240,.tech,generic,Radix FZC
1241,.technology,generic,"Binky Moon, LLC"
1242,.tel,sponsored,Telnames Ltd.
1243,.telecity,generic,Not assigned
1244,.telefonica,generic,Not assigned
1245,.temasek,generic,Temasek Holdings (Private) Limited
1246,.tennis,generic,"Binky Moon, LLC"
1247,.teva,generic,Teva Pharmaceutical Industries Limited
1248,.tf,country-code,Association Française pour le Nommage Internet en Coopération (A.F.N.I.C.)
1249,.tg,country-code,Autorité de Régulation des Communications Electroniques et des Postes (ARCEP)
1250,.th,country-code,Thai Network Information Center Foundation
1251,.thd,generic,"Home Depot Product Authority, LLC"
1252,.theater,generic,"Binky Moon, LLC"
1253,.theatre,generic,XYZ.COM LLC
1254,.tiaa,generic,Teachers Insurance and Annuity Association of America
1255,.tickets,generic,XYZ.COM LLC
1256,.tienda,generic,"Binky Moon, LLC"
1257,.tiffany,generic,Tiffany and Company
1258,.tips,generic,"Binky Moon, LLC"
1259,.tires,generic,"Binky Moon, LLC"
1260,.tirol,generic,punkt Tirol GmbH
1261,.tj,country-code,Information Technology Center
1262,.tjmaxx,generic,"The TJX Companies, Inc."
1263,.tjx,generic,"The TJX Companies, Inc."
1264,.tk,country-code,Telecommunication Tokelau Corporation (Teletok)
1265,.tkmaxx,generic,"The TJX Companies, Inc."
1266,.tl,country-code,Autoridade Nacional de Comunicações
1267,.tm,country-code,TM Domain Registry Ltd
1268,.tmall,generic,Alibaba Group Holding Limited
1269,.tn,country-code,Agence Tunisienne d'Internet
1270,.to,country-code,Government of the Kingdom of Tonga H.R.H. Crown Prince Tupouto'a c/o Consulate of Tonga
1271,.today,generic,"Binky Moon, LLC"
1272,.tokyo,generic,"GMO Registry, Inc."
1273,.tools,generic,"Binky Moon, LLC"
1274,.top,generic,"Jiangsu Bangning Science & Technology Co.,Ltd."
1275,.toray,generic,"Toray Industries, Inc."
1276,.toshiba,generic,TOSHIBA Corporation
1277,.total,generic,Total SA
1278,.tours,generic,"Binky Moon, LLC"
1279,.town,generic,"Binky Moon, LLC"
1280,.toyota,generic,TOYOTA MOTOR CORPORATION
1281,.toys,generic,"Binky Moon, LLC"
1282,.tp,country-code,Retired
1283,.tr,country-code,Bilgi Teknolojileri ve İletişim Kurumu (BTK)
1284,.trade,generic,Elite Registry Limited
1285,.trading,generic,"Dog Beach, LLC"
1286,.training,generic,"Binky Moon, LLC"
1287,.travel,sponsored,"Dog	Beach, LLC"
1288,.travelchannel,generic,"Lifestyle Domain Holdings, Inc."
1289,.travelers,generic,"Travelers TLD, LLC"
1290,.travelersinsurance,generic,"Travelers TLD, LLC"
1291,.trust,generic,UNR Corp.
1292,.trv,generic,"Travelers TLD, LLC"
1293,.tt,country-code,University of the West Indies Faculty of Engineering
1294,.tube,generic,Latin American Telecom LLC
1295,.tui,generic,TUI AG
1296,.tunes,generic,"Amazon Registry Services, Inc."
1297,.tushu,generic,"Amazon Registry Services, Inc."
1298,.tv,country-code,Ministry of Finance and Tourism
1299,.tvs,generic,T V SUNDRAM IYENGAR & SONS PRIVATE LIMITED
1300,.tw,country-code,Taiwan Network Information Center (TWNIC)
1301,.tz,country-code,Tanzania Communications Regulatory Authority
1302,.ua,country-code,Hostmaster Ltd.
1303,.ubank,generic,National Australia Bank Limited
1304,.ubs,generic,UBS AG
1305,.uconnect,generic,Not assigned
1306,.ug,country-code,Uganda Online Ltd.
1307,.uk,country-code,Nominet UK
1308,.um,country-code,Not assigned
1309,.unicom,generic,China United Network Communications Corporation Limited
1310,.university,generic,"Binky Moon, LLC"
1311,.uno,generic,Radix FZC
1312,.uol,generic,UBN INTERNET LTDA.
1313,.ups,generic,"UPS Market Driver, Inc."
1314,.us,country-code,"Registry Services, LLC"
1315,.uy,country-code,SeCIU - Universidad de la Republica
1316,.uz,country-code,Single Integrator for Creation and Support of State Information Systems UZINFOCOM
1317,.va,country-code,Holy See - Vatican City State
1318,.vacations,generic,"Binky Moon, LLC"
1319,.vana,generic,"Lifestyle Domain Holdings, Inc."
1320,.vanguard,generic,"The Vanguard Group, Inc."
1321,.vc,country-code,"Ministry of Telecommunications, Science, Technology and Industry"
1322,.ve,country-code,Comisión Nacional de Telecomunicaciones (CONATEL)
1323,.vegas,generic,"Dot Vegas, Inc."
1324,.ventures,generic,"Binky Moon, LLC"
1325,.verisign,generic,"VeriSign, Inc."
1326,.versicherung,generic,TLD-BOX Registrydienstleistungen GmbH
1327,.vet,generic,"Dog Beach, LLC"
1328,.vg,country-code,Telecommunications Regulatory Commission of the Virgin Islands
1329,.vi,country-code,"Virgin Islands Public Telecommunications System, Inc."
1330,.viajes,generic,"Binky Moon, LLC"
1331,.video,generic,"Dog Beach, LLC"
1332,.vig,generic,VIENNA INSURANCE GROUP AG Wiener Versicherung Gruppe
1333,.viking,generic,Viking River Cruises (Bermuda) Ltd.
1334,.villas,generic,"Binky Moon, LLC"
1335,.vin,generic,"Binky Moon, LLC"
1336,.vip,generic,"Registry Services, LLC"
1337,.virgin,generic,Virgin Enterprises Limited
1338,.visa,generic,Visa Worldwide Pte. Limited
1339,.vision,generic,"Binky Moon, LLC"
1340,.vista,generic,Not assigned
1341,.vistaprint,generic,Not assigned
1342,.viva,generic,Saudi Telecom Company
1343,.vivo,generic,Telefonica Brasil S.A.
1344,.vlaanderen,generic,DNS.be vzw
1345,.vn,country-code,Viet Nam Internet Network Information Center (VNNIC)
1346,.vodka,generic,"Registry Services, LLC"
1347,.volkswagen,generic,Volkswagen Group of America Inc.
1348,.volvo,generic,Volvo Holding Sverige Aktiebolag
1349,.vote,generic,Monolith Registry LLC
1350,.voting,generic,Valuetainment Corp.
1351,.voto,generic,Monolith Registry LLC
1352,.voyage,generic,"Binky Moon, LLC"
1353,.vu,country-code,Telecommunications Radiocommunications and Broadcasting Regulator (TRBR)
1354,.vuelos,generic,Travel Reservations SRL
1355,.wales,generic,Nominet UK
1356,.walmart,generic,"Wal-Mart Stores, Inc."
1357,.walter,generic,Sandvik AB
1358,.wang,generic,Zodiac Wang Limited
1359,.wanggou,generic,"Amazon Registry Services, Inc."
1360,.warman,generic,Not assigned
1361,.watch,generic,"Binky Moon, LLC"
1362,.watches,generic,Afilias Limited
1363,.weather,generic,International Business Machines Corporation
1364,.weatherchannel,generic,International Business Machines Corporation
1365,.webcam,generic,dot Webcam Limited
1366,.weber,generic,Saint-Gobain Weber SA
1367,.website,generic,Radix FZC
1368,.wed,generic,Emergency Back-End Registry Operator Program - ICANN
1369,.wedding,generic,"Registry Services, LLC"
1370,.weibo,generic,Sina Corporation
1371,.weir,generic,Weir Group IP Limited
1372,.wf,country-code,Association Française pour le Nommage Internet en Coopération (A.F.N.I.C.)
1373,.whoswho,generic,Who's Who Registry
1374,.wien,generic,punkt.wien GmbH
1375,.wiki,generic,"Top Level Design, LLC"
1376,.williamhill,generic,William Hill Organization Limited
1377,.win,generic,First Registry Limited
1378,.windows,generic,Microsoft Corporation
1379,.wine,generic,"Binky Moon, LLC"
1380,.winners,generic,"The TJX Companies, Inc."
1381,.wme,generic,"William Morris Endeavor Entertainment, LLC"
1382,.wolterskluwer,generic,Wolters Kluwer N.V.
1383,.woodside,generic,Woodside Petroleum Limited
1384,.work,generic,"Registry Services, LLC"
1385,.works,generic,"Binky Moon, LLC"
1386,.world,generic,"Binky Moon, LLC"
1387,.wow,generic,"Amazon Registry Services, Inc."
1388,.ws,country-code,Government of Samoa Ministry of Foreign Affairs & Trade
1389,.wtc,generic,"World Trade Centers Association, Inc."
1390,.wtf,generic,"Binky Moon, LLC"
1391,.xbox,generic,Microsoft Corporation
1392,.xerox,generic,Xerox DNHC LLC
1393,.xfinity,generic,"Comcast IP Holdings I, LLC"
1394,.xihuan,generic,QIHOO 360 TECHNOLOGY CO. LTD.
1395,.xin,generic,Elegant Leader Limited
1396,.测试,test,Internet Assigned Numbers Authority
1397,.कॉम,generic,VeriSign Sarl
1398,.परीक्षा,test,Internet Assigned Numbers Authority
1399,.セール,generic,"Amazon Registry Services, Inc."
1400,.佛山,generic,"Guangzhou YU Wei Information Technology Co., Ltd."
1401,.ಭಾರತ,country-code,National Internet eXchange of India
1402,.慈善,generic,Excellent First Limited
1403,.集团,generic,Eagle Horizon Limited
1404,.在线,generic,TLD REGISTRY LIMITED
1405,.한국,country-code,KISA (Korea Internet & Security Agency)
1406,.ଭାରତ,country-code,National Internet eXchange of India
1407,.大众汽车,generic,Not assigned
1408,.点看,generic,VeriSign Sarl
1409,.คอม,generic,VeriSign Sarl
1410,.ভাৰত,country-code,National Internet eXchange of India
1411,.ভারত,country-code,National Internet Exchange of India
1412,.八卦,generic,Zodiac Gemini Ltd
1413,‏.ישראל‎,country-code,The Israel Internet Association (RA)
1414,‏.موقع‎,generic,Helium TLDs Ltd
1415,.বাংলা,country-code,Posts and Telecommunications Division
1416,.公益,generic,China Organizational Name Administration Center
1417,.公司,generic,Computer Network Information Center of Chinese Academy of Sciences （China Internet Network Information Center）
1418,.香格里拉,generic,Shangri‐La International Hotel Management Limited
1419,.网站,generic,Global Website TLD Asia Limited
1420,.移动,generic,Afilias Limited
1421,.我爱你,generic,Tycoon Treasure Limited
1422,.москва,generic,Foundation for Assistance for Internet Technologies and Infrastructure Development (FAITID)
1423,.испытание,test,Internet Assigned Numbers Authority
1424,.қаз,country-code,Association of IT Companies of Kazakhstan
1425,.католик,generic,Pontificium Consilium de Comunicationibus Socialibus (PCCS) (Pontifical Council for Social Communication)
1426,.онлайн,generic,CORE Association
1427,.сайт,generic,CORE Association
1428,.联通,generic,China United Network Communications Corporation Limited
1429,.срб,country-code,Serbian National Internet Domain Registry (RNIDS)
1430,.бг,country-code,Imena.BG AD
1431,.бел,country-code,"Reliable Software, Ltd."
1432,‏.קום‎,generic,VeriSign Sarl
1433,.时尚,generic,RISE VICTORY LIMITED
1434,.微博,generic,Sina Corporation
1435,.테스트,test,Internet Assigned Numbers Authority
1436,.淡马锡,generic,Temasek Holdings (Private) Limited
1437,.ファッション,generic,"Amazon Registry Services, Inc."
1438,.орг,generic,Public Interest Registry
1439,.नेट,generic,VeriSign Sarl
1440,.ストア,generic,"Amazon Registry Services, Inc."
1441,.アマゾン,generic,"Amazon Registry Services, Inc."
1442,.삼성,generic,"SAMSUNG SDS CO., LTD"
1443,.சிங்கப்பூர்,country-code,Singapore Network Information Centre (SGNIC) Pte Ltd
1444,.商标,generic,Internet DotTrademark Organisation Limited
1445,.商店,generic,"Binky Moon, LLC"
1446,.商城,generic,Zodiac Aquarius Limited
1447,.дети,generic,The Foundation for Network Initiatives “The Smart Internet”
1448,.мкд,country-code,Macedonian Academic Research Network Skopje
1449,‏.טעסט‎,test,Internet Assigned Numbers Authority
1450,.ею,country-code,EURid vzw/asbl
1451,.ポイント,generic,"Amazon Registry Services, Inc."
1452,.新闻,generic,"Guangzhou YU Wei Information and Technology Co.,Ltd"
1453,.工行,generic,Not assigned
1454,.家電,generic,"Amazon Registry Services, Inc."
1455,‏.كوم‎,generic,VeriSign Sarl
1456,.中文网,generic,TLD REGISTRY LIMITED
1457,.中信,generic,CITIC Group Corporation
1458,.中国,country-code,China Internet Network Information Center (CNNIC)
1459,.中國,country-code,China Internet Network Information Center (CNNIC)
1460,.娱乐,generic,"Binky Moon, LLC"
1461,.谷歌,generic,Charleston Road Registry Inc.
1462,.భారత్,country-code,National Internet Exchange of India
1463,.ලංකා,country-code,LK Domain Registry
1464,.電訊盈科,generic,PCCW Enterprises Limited
1465,.购物,generic,"Nawang Heli(Xiamen) Network Service Co., LTD."
1466,.測試,test,Internet Assigned Numbers Authority
1467,.クラウド,generic,"Amazon Registry Services, Inc."
1468,.ભારત,country-code,National Internet Exchange of India
1469,.通販,generic,"Amazon Registry Services, Inc."
1470,.भारतम्,country-code,National Internet eXchange of India
1471,.भारत,country-code,National Internet Exchange of India
1472,.भारोत,country-code,National Internet eXchange of India
1473,‏.آزمایشی‎,test,Internet Assigned Numbers Authority
1474,.பரிட்சை,test,Internet Assigned Numbers Authority
1475,.网店,generic,Zodiac Taurus Ltd.
1476,.संगठन,generic,Public Interest Registry
1477,.餐厅,generic,Internet DotTrademark Organisation Limited
1478,.网络,generic,Computer Network Information Center of Chinese Academy of Sciences （China Internet Network Information Center）
1479,.ком,generic,VeriSign Sarl
1480,.укр,country-code,"Ukrainian Network Information Centre (UANIC), Inc."
1481,.香港,country-code,Hong Kong Internet Registration Corporation Ltd.
1482,.亚马逊,generic,"Amazon Registry Services, Inc."
1483,.诺基亚,generic,Nokia Corporation
1484,.食品,generic,"Amazon Registry Services, Inc."
1485,.δοκιμή,test,Internet Assigned Numbers Authority
1486,.飞利浦,generic,Koninklijke Philips N.V.
1487,‏.إختبار‎,test,Internet Assigned Numbers Authority
1488,.台湾,country-code,Taiwan Network Information Center (TWNIC)
1489,.台灣,country-code,Taiwan Network Information Center (TWNIC)
1490,.手表,generic,Not assigned
1491,.手机,generic,"Beijing RITT-Net Technology Development Co., Ltd"
1492,.мон,country-code,"Datacom Co.,Ltd"
1493,‏.الجزائر‎,country-code,CERIST
1494,‏.عمان‎,country-code,Telecommunications Regulatory Authority (TRA)
1495,‏.ارامكو‎,generic,Aramco Services Company
1496,‏.ایران‎,country-code,Institute for Research in Fundamental Sciences (IPM)
1497,‏.العليان‎,generic,Crescent Holding GmbH
1498,‏.اتصالات‎,generic,Emirates Telecommunications Corporation (trading as Etisalat)
1499,‏.امارات‎,country-code,Telecommunications and Digital Government Regulatory Authority (TDRA)
1500,‏.بازار‎,generic,CORE Association
1501,‏.موريتانيا‎,country-code,Université de Nouakchott Al Aasriya
1502,‏.پاکستان‎,country-code,National Telecommunication Corporation
1503,‏.الاردن‎,country-code,Ministry of Digital Economy and Entrepreneurship (MoDEE)
1504,‏.موبايلي‎,generic,Not assigned
1505,‏.بارت‎,country-code,National Internet eXchange of India
1506,‏.بھارت‎,country-code,National Internet Exchange of India
1507,‏.المغرب‎,country-code,Agence Nationale de Réglementation des Télécommunications (ANRT)
1508,‏.ابوظبي‎,generic,Abu Dhabi Systems and Information Centre
1509,‏.البحرين‎,country-code,Telecommunications Regulatory Authority (TRA)
1510,‏.السعودية‎,country-code,Communications and Information Technology Commission
1511,‏.ڀارت‎,country-code,National Internet eXchange of India
1512,‏.كاثوليك‎,generic,Pontificium Consilium de Comunicationibus Socialibus (PCCS) (Pontifical Council for Social Communication)
1513,‏.سودان‎,country-code,Sudan Internet Society
1514,‏.همراه‎,generic,Asia Green IT System Bilgisayar San. ve Tic. Ltd. Sti.
1515,‏.عراق‎,country-code,Communications and Media Commission (CMC)
1516,‏.مليسيا‎,country-code,MYNIC Berhad
1517,.澳門,country-code,Macao Post and Telecommunications Bureau (CTT)
1518,.닷컴,generic,VeriSign Sarl
1519,.政府,generic,"Net-Chinese Co., Ltd."
1520,‏.شبكة‎,generic,International Domain Registry Pty. Ltd.
1521,‏.بيتك‎,generic,Kuwait Finance House
1522,‏.عرب‎,generic,League of Arab States
1523,.გე,country-code,Information Technologies Development Center (ITDC)
1524,.机构,generic,Public Interest Registry
1525,.组织机构,generic,Public Interest Registry
1526,.健康,generic,Stable Tone Limited
1527,.ไทย,country-code,Thai Network Information Center Foundation
1528,‏.سورية‎,country-code,National Agency for Network Services (NANS)
1529,.招聘,generic,Dot Trademark TLD Holding Company Limited
1530,.рус,generic,Rusnames Limited
1531,.рф,country-code,Coordination Center for TLD RU
1532,.珠宝,generic,Not assigned
1533,‏.تونس‎,country-code,Agence Tunisienne d'Internet
1534,.大拿,generic,VeriSign Sarl
1535,.ລາວ,country-code,Lao National Internet Center (LANIC)
1536,.みんな,generic,Charleston Road Registry Inc.
1537,.グーグル,generic,Charleston Road Registry Inc.
1538,.ευ,country-code,EURid vzw/asbl
1539,.ελ,country-code,ICS-FORTH GR
1540,.世界,generic,Stable Tone Limited
1541,.書籍,generic,"Amazon Registry Services, Inc."
1542,.ഭാരതം,country-code,National Internet eXchange of India
1543,.ਭਾਰਤ,country-code,National Internet Exchange of India
1544,.网址,generic,"KNET Co., Ltd"
1545,.닷넷,generic,VeriSign Sarl
1546,.コム,generic,VeriSign Sarl
1547,.天主教,generic,Pontificium Consilium de Comunicationibus Socialibus (PCCS) (Pontifical Council for Social Communication)
1548,.游戏,generic,"Binky Moon, LLC"
1549,.vermögensberater,generic,Deutsche Vermögensberatung Aktiengesellschaft DVAG
1550,.vermögensberatung,generic,Deutsche Vermögensberatung Aktiengesellschaft DVAG
1551,.企业,generic,"Binky Moon, LLC"
1552,.信息,generic,"Beijing Tele-info Network Technology Co., Ltd."
1553,.嘉里大酒店,generic,Kerry Trading Co. Limited
1554,.嘉里,generic,Kerry Trading Co. Limited
1555,‏.مصر‎,country-code,National Telecommunication Regulatory Authority - NTRA
1556,‏.قطر‎,country-code,Communications Regulatory Authority
1557,.广东,generic,"Guangzhou YU Wei Information Technology Co., Ltd."
1558,.இலங்கை,country-code,LK Domain Registry
1559,.இந்தியா,country-code,National Internet Exchange of India
1560,.հայ,country-code,"""Internet Society"" Non-governmental Organization"
1561,.新加坡,country-code,Singapore Network Information Centre (SGNIC) Pte Ltd
1562,‏.فلسطين‎,country-code,Ministry of Telecom & Information Technology (MTIT)
1563,.テスト,test,Internet Assigned Numbers Authority
1564,.政务,generic,China Organizational Name Administration Center
1565,.xperia,generic,Not assigned
1566,.xxx,sponsored,ICM Registry LLC
1567,.xyz,generic,XYZ.COM LLC
1568,.yachts,generic,XYZ.COM LLC
1569,.yahoo,generic,OATH INC
1570,.yamaxun,generic,"Amazon Registry Services, Inc."
1571,.yandex,generic,Yandex Europe B.V.
1572,.ye,country-code,TeleYemen
1573,.yodobashi,generic,"YODOBASHI CAMERA CO.,LTD."
1574,.yoga,generic,"Registry Services, LLC"
1575,.yokohama,generic,"GMO Registry, Inc."
1576,.you,generic,"Amazon Registry Services, Inc."
1577,.youtube,generic,Charleston Road Registry Inc.
1578,.yt,country-code,Association Française pour le Nommage Internet en Coopération (A.F.N.I.C.)
1579,.yun,generic,QIHOO 360 TECHNOLOGY CO. LTD.
1580,.za,country-code,ZA Domain Name Authority
1581,.zappos,generic,"Amazon Registry Services, Inc."
1582,.zara,generic,"Industria de Diseño Textil, S.A. (INDITEX, S.A.)"
1583,.zero,generic,"Amazon Registry Services, Inc."
1584,.zip,generic,Charleston Road Registry Inc.
1585,.zippo,generic,Not assigned
1586,.zm,country-code,Zambia Information and Communications Technology Authority (ZICTA)
1587,.zone,generic,"Binky Moon, LLC"
1588,.zuerich,generic,Kanton Zürich (Canton of Zurich)
1589,.zw,country-code,Postal and Telecommunications Regulatory Authority of Zimbabwe (POTRAZ)
