,TLD,Type,Punycode,Language Code,Translation,Romanized,RTL,Sponsor
0,aaa,gTLD,,,,,no,"American Automobile Association, Inc."
1,aarp,gTLD,,,,,no,AARP
2,abarth,gTLD,,,,,no,Fiat Chrysler Automobiles N.V.
3,abb,gTLD,,,,,no,ABB Ltd
4,abbott,gTLD,,,,,no,"Abbott Laboratories, Inc."
5,abbvie,gTLD,,,,,no,AbbVie Inc.
6,abc,gTLD,,,,,no,"Disney Enterprises, Inc."
7,able,gTLD,,,,,no,Able Inc.
8,abogado,gTLD,,,lawyer,,no,Minds + Machines Group Limited
9,abudhabi,gTLD,,,,,no,Abu Dhabi Systems and Information Centre
10,ac,ccTLD,,,,,no,Internet Computer Bureau Limited
11,academy,gTLD,,,,,no,"Binky Moon, LLC"
12,accenture,gTLD,,,,,no,Accenture plc
13,accountant,gTLD,,,,,no,dot Accountant Limited
14,accountants,gTLD,,,,,no,"Binky Moon, LLC"
15,aco,gTLD,,,,,no,ACO Severin Ahlmann GmbH & Co. KG
16,active,gTLD,,,,,no,Not assigned
17,actor,gTLD,,,,,no,United TLD Holdco Ltd.
18,ad,ccTLD,,,,,no,Andorra Telecom
19,adac,gTLD,,,,,no,Allgemeiner Deutscher Automobil-Club e.V. (ADAC)
20,ads,gTLD,,,,,no,Charleston Road Registry Inc.
21,adult,gTLD,,,,,no,ICM Registry AD LLC
22,ae,ccTLD,,,,,no,Telecommunication Regulatory Authority (TRA)
23,aeg,gTLD,,,,,no,Aktiebolaget Electrolux
24,aero,sTLD,,,,,no,Societe Internationale de Telecommunications Aeronautique (SITA INC USA)
25,aetna,gTLD,,,,,no,Aetna Life Insurance Company
26,af,ccTLD,,,,,no,Ministry of Communications and IT
27,afamilycompany,gTLD,,,,,no,"Johnson Shareholdings, Inc."
28,afl,gTLD,,,,,no,Australian Football League
29,africa,gTLD,,,,,no,ZA Central Registry NPC trading as Registry.Africa
30,ag,ccTLD,,,,,no,UHSA School of Medicine
31,agakhan,gTLD,,,,,no,Fondation Aga Khan (Aga Khan Foundation)
32,agency,gTLD,,,,,no,"Binky Moon, LLC"
33,ai,ccTLD,,,,,no,Government of Anguilla
34,aig,gTLD,,,,,no,"American International Group, Inc."
35,aigo,gTLD,,,,,no,Not assigned
36,airbus,gTLD,,,,,no,Airbus S.A.S.
37,airforce,gTLD,,,,,no,United TLD Holdco Ltd.
38,airtel,gTLD,,,,,no,Bharti Airtel Limited
39,akdn,gTLD,,,,,no,Fondation Aga Khan (Aga Khan Foundation)
40,al,ccTLD,,,,,no,Electronic and Postal Communications Authority - AKEP
41,alfaromeo,gTLD,,,,,no,Fiat Chrysler Automobiles N.V.
42,alibaba,gTLD,,,,,no,Alibaba Group Holding Limited
43,alipay,gTLD,,,,,no,Alibaba Group Holding Limited
44,allfinanz,gTLD,,,,,no,Allfinanz Deutsche Vermögensberatung Aktiengesellschaft
45,allstate,gTLD,,,,,no,Allstate Fire and Casualty Insurance Company
46,ally,gTLD,,,,,no,Ally Financial Inc.
47,alsace,gTLD,,,,,no,REGION GRAND EST
48,alstom,gTLD,,,,,no,ALSTOM
49,am,ccTLD,,,,,no,"""Internet Society"" Non-governmental Organization"
50,amazon,gTLD,,,,,no,"Amazon Registry Services, Inc."
51,americanexpress,gTLD,,,,,no,"American Express Travel Related Services Company, Inc."
52,americanfamily,gTLD,,,,,no,"AmFam, Inc."
53,amex,gTLD,,,,,no,"American Express Travel Related Services Company, Inc."
54,amfam,gTLD,,,,,no,"AmFam, Inc."
55,amica,gTLD,,,,,no,Amica Mutual Insurance Company
56,amsterdam,gTLD,,,,,no,Gemeente Amsterdam
57,an,ccTLD,,,,,no,Retired
58,analytics,gTLD,,,,,no,Campus IP LLC
59,android,gTLD,,,,,no,Charleston Road Registry Inc.
60,anquan,gTLD,,,,,no,QIHOO 360 TECHNOLOGY CO. LTD.
61,anz,gTLD,,,,,no,Australia and New Zealand Banking Group Limited
62,ao,ccTLD,,,,,no,Ministry of Telecommunications and Information Technologies (MTTI)
63,aol,gTLD,,,,,no,OATH Inc.
64,apartments,gTLD,,,,,no,"Binky Moon, LLC"
65,app,gTLD,,,,,no,Charleston Road Registry Inc.
66,apple,gTLD,,,,,no,Apple Inc.
67,aq,ccTLD,,,,,no,Antarctica Network Information Centre Limited
68,aquarelle,gTLD,,,,,no,Aquarelle.com
69,ar,ccTLD,,,,,no,Presidencia de la Nación – Secretaría Legal y Técnica
70,arab,gTLD,,,,,no,League of Arab States
71,aramco,gTLD,,,,,no,Aramco Services Company
72,archi,gTLD,,,,,no,Afilias Limited
73,army,gTLD,,,,,no,United TLD Holdco Ltd.
74,arpa,infrastructure,,,,,no,Internet Architecture Board (IAB)
75,art,gTLD,,,,,no,UK Creative Ideas Limited
76,arte,gTLD,,,,,no,Association Relative à la Télévision Européenne G.E.I.E.
77,as,ccTLD,,,,,no,AS Domain Registry
78,asda,gTLD,,,,,no,"Wal-Mart Stores, Inc."
79,asia,sTLD,,,,,no,DotAsia Organisation Ltd.
80,associates,gTLD,,,,,no,"Binky Moon, LLC"
81,at,ccTLD,,,,,no,nic.at GmbH
82,athleta,gTLD,,,,,no,"The Gap, Inc."
83,attorney,gTLD,,,,,no,"United TLD Holdco, Ltd"
84,au,ccTLD,,,,,no,.au Domain Administration (auDA)
85,auction,gTLD,,,,,no,"United TLD HoldCo, Ltd."
86,audi,gTLD,,,,,no,AUDI Aktiengesellschaft
87,audible,gTLD,,,,,no,"Amazon Registry Services, Inc."
88,audio,gTLD,,,,,no,"Uniregistry, Corp."
89,auspost,gTLD,,,,,no,Australian Postal Corporation
90,author,gTLD,,,,,no,"Amazon Registry Services, Inc."
91,auto,gTLD,,,,,no,XYZ.COM LLC
92,autos,gTLD,,,,,no,"DERAutos, LLC"
93,avianca,gTLD,,,,,no,Avianca Holdings S.A.
94,aw,ccTLD,,,,,no,SETAR
95,aws,gTLD,,,,,no,"Amazon Registry Services, Inc."
96,ax,ccTLD,,,,,no,Ålands landskapsregering
97,axa,gTLD,,,,,no,AXA SA
98,az,ccTLD,,,,,no,IntraNS
99,azure,gTLD,,,,,no,Microsoft Corporation
100,ba,ccTLD,,,,,no,Universtiy Telinformatic Centre (UTIC)
101,baby,gTLD,,,,,no,XYZ.COM LLC
102,baidu,gTLD,,,,,no,"Baidu, Inc."
103,banamex,gTLD,,,,,no,Citigroup Inc.
104,bananarepublic,gTLD,,,,,no,"The Gap, Inc."
105,band,gTLD,,,,,no,"United TLD Holdco, Ltd"
106,bank,gTLD,,,,,no,"fTLD Registry Services, LLC"
107,bar,gTLD,,,,,no,Punto 2012 Sociedad Anonima Promotora de Inversion de Capital Variable
108,barcelona,gTLD,,,,,no,Municipi de Barcelona
109,barclaycard,gTLD,,,,,no,Barclays Bank PLC
110,barclays,gTLD,,,,,no,Barclays Bank PLC
111,barefoot,gTLD,,,,,no,"Gallo Vineyards, Inc."
112,bargains,gTLD,,,,,no,"Binky Moon, LLC"
113,baseball,gTLD,,,,,no,"MLB Advanced Media DH, LLC"
114,basketball,gTLD,,,,,no,Fédération Internationale de Basketball (FIBA)
115,bauhaus,gTLD,,,,,no,Werkhaus GmbH
116,bayern,gTLD,,,,,no,Bayern Connect GmbH
117,bb,ccTLD,,,,,no,Government of Barbados Ministry of Economic Affairs and Development Telecommunications Unit
118,bbc,gTLD,,,,,no,British Broadcasting Corporation
119,bbt,gTLD,,,,,no,BB&T Corporation
120,bbva,gTLD,,,,,no,"BANCO BILBAO VIZCAYA ARGENTARIA, S.A."
121,bcg,gTLD,,,,,no,"The Boston Consulting Group, Inc."
122,bcn,gTLD,,,,,no,Municipi de Barcelona
123,bd,ccTLD,,,,,no,Posts and Telecommunications Division
124,be,ccTLD,,,,,no,DNS Belgium vzw/asbl
125,beats,gTLD,,,,,no,"Beats Electronics, LLC"
126,beauty,gTLD,,,,,no,XYZ.COM LLC
127,beer,gTLD,,,,,no,Minds + Machines Group Limited
128,bentley,gTLD,,,,,no,Bentley Motors Limited
129,berlin,gTLD,,,,,no,dotBERLIN GmbH & Co. KG
130,best,gTLD,,,,,no,BestTLD Pty Ltd
131,bestbuy,gTLD,,,,,no,"BBY Solutions, Inc."
132,bet,gTLD,,,,,no,Afilias Limited
133,bf,ccTLD,,,,,no,ARCE-AutoritÈ de RÈgulation des Communications Electroniques
134,bg,ccTLD,,,,,no,Register.BG
135,bh,ccTLD,,,,,no,Telecommunications Regulatory Authority (TRA)
136,bharti,gTLD,,,,,no,Bharti Enterprises (Holding) Private Limited
137,bi,ccTLD,,,,,no,Centre National de l'Informatique
138,bible,gTLD,,,,,no,American Bible Society
139,bid,gTLD,,,,,no,dot Bid Limited
140,bike,gTLD,,,,,no,"Binky Moon, LLC"
141,bing,gTLD,,,,,no,Microsoft Corporation
142,bingo,gTLD,,,,,no,"Binky Moon, LLC"
143,bio,gTLD,,,,,no,Afilias Limited
144,biz,grTLD,,,,,no,"Registry Services, LLC"
145,bj,ccTLD,,,,,no,Autorité de Régulation des Communications Electroniques et de la Poste du Bénin (ARCEP BENIN)
146,bl,ccTLD,,,,,no,Not assigned
147,black,gTLD,,,,,no,Afilias Limited
148,blackfriday,gTLD,,,,,no,"Uniregistry, Corp."
149,blanco,gTLD,,,,,no,Not assigned
150,blockbuster,gTLD,,,,,no,Dish DBS Corporation
151,blog,gTLD,,,,,no,"Knock Knock WHOIS There, LLC"
152,bloomberg,gTLD,,,,,no,Bloomberg IP Holdings LLC
153,blue,gTLD,,,,,no,Afilias Limited
154,bm,ccTLD,,,,,no,"Registry General Department, Ministry of Home Affairs"
155,bms,gTLD,,,,,no,Bristol-Myers Squibb Company
156,bmw,gTLD,,,,,no,Bayerische Motoren Werke Aktiengesellschaft
157,bn,ccTLD,,,,,no,Authority for Info-communications Technology Industry of Brunei Darussalam (AITI)
158,bnl,gTLD,,,,,no,Not assigned
159,bnpparibas,gTLD,,,,,no,BNP Paribas
160,bo,ccTLD,,,,,no,Agencia para el Desarrollo de la Información de la Sociedad en Bolivia
161,boats,gTLD,,,,,no,"DERBoats, LLC"
162,boehringer,gTLD,,,,,no,Boehringer Ingelheim International GmbH
163,bofa,gTLD,,,,,no,Bank of America Corporation
164,bom,gTLD,,,good,,no,Núcleo de Informação e Coordenação do Ponto BR - NIC.br
165,bond,gTLD,,,,,no,Shortdot SA
166,boo,gTLD,,,,,no,Charleston Road Registry Inc.
167,book,gTLD,,,,,no,"Amazon Registry Services, Inc."
168,booking,gTLD,,,,,no,Booking.com B.V.
169,boots,gTLD,,,,,no,Not assigned
170,bosch,gTLD,,,,,no,Robert Bosch GMBH
171,bostik,gTLD,,,,,no,Bostik SA
172,boston,gTLD,,,,,no,"Boston TLD Management, LLC"
173,bot,gTLD,,,,,no,"Amazon Registry Services, Inc."
174,boutique,gTLD,,,,,no,"Binky Moon, LLC"
175,box,gTLD,,,,,no,Intercap Registry Inc.
176,bq,ccTLD,,,,,no,Not assigned
177,br,ccTLD,,,,,no,Comite Gestor da Internet no Brasil
178,bradesco,gTLD,,,,,no,Banco Bradesco S.A.
179,bridgestone,gTLD,,,,,no,Bridgestone Corporation
180,broadway,gTLD,,,,,no,"Celebrate Broadway, Inc."
181,broker,gTLD,,,,,no,DOTBROKER REGISTRY LTD
182,brother,gTLD,,,,,no,"Brother Industries, Ltd."
183,brussels,gTLD,,,,,no,DNS.be vzw
184,bs,ccTLD,,,,,no,University of The Bahamas
185,bt,ccTLD,,,,,no,Ministry of Information and Communications
186,budapest,gTLD,,,,,no,Minds + Machines Group Limited
187,bugatti,gTLD,,,,,no,Bugatti International SA
188,build,gTLD,,,,,no,Plan Bee LLC
189,builders,gTLD,,,,,no,"Binky Moon, LLC"
190,business,gTLD,,,,,no,"Binky Moon, LLC"
191,buy,gTLD,,,,,no,"Amazon Registry Services, INC"
192,buzz,gTLD,,,,,no,DOTSTRATEGY CO.
193,bv,ccTLD,,,,,no,Norid A/S
194,bw,ccTLD,,,,,no,Botswana Communications Regulatory Authority (BOCRA)
195,by,ccTLD,,,,,no,"Reliable Software, Ltd."
196,bz,ccTLD,,,,,no,University of Belize
197,bzh,gTLD,,,,,no,Association www.bzh
198,ca,ccTLD,,,,,no,Canadian Internet Registration Authority (CIRA) Autorité Canadienne pour les enregistrements Internet (ACEI)
199,cab,gTLD,,,,,no,"Binky Moon, LLC"
200,cafe,gTLD,,,café,,no,"Binky Moon, LLC"
201,cal,gTLD,,,,,no,Charleston Road Registry Inc.
202,call,gTLD,,,,,no,"Amazon Registry Services, Inc."
203,calvinklein,gTLD,,,,,no,PVH gTLD Holdings LLC
204,cam,gTLD,,,,,no,AC Webconnecting Holding B.V.
205,camera,gTLD,,,,,no,"Binky Moon, LLC"
206,camp,gTLD,,,,,no,"Binky Moon, LLC"
207,cancerresearch,gTLD,,,,,no,Australian Cancer Research Foundation
208,canon,gTLD,,,,,no,Canon Inc.
209,capetown,gTLD,,,,,no,ZA Central Registry NPC trading as ZA Central Registry
210,capital,gTLD,,,,,no,"Binky Moon, LLC"
211,capitalone,gTLD,,,,,no,Capital One Financial Corporation
212,car,gTLD,,,,,no,XYZ.COM LLC
213,caravan,gTLD,,,,,no,"Caravan International, Inc."
214,cards,gTLD,,,,,no,"Binky Moon, LLC"
215,care,gTLD,,,,,no,"Binky Moon, LLC"
216,career,gTLD,,,,,no,dotCareer LLC
217,careers,gTLD,,,,,no,"Binky Moon, LLC"
218,cars,gTLD,,,,,no,XYZ.COM LLC
219,cartier,gTLD,,,,,no,Not assigned
220,casa,gTLD,,,house,,no,Minds + Machines Group Limited
221,case,gTLD,,,,,no,CNH Industrial N.V.
222,caseih,gTLD,,,,,no,CNH Industrial N.V.
223,cash,gTLD,,,,,no,"Binky Moon, LLC"
224,casino,gTLD,,,,,no,"Binky Moon, LLC"
225,cat,sTLD,,,,,no,Fundacio puntCAT
226,catering,gTLD,,,,,no,"Binky Moon, LLC"
227,catholic,gTLD,,,,,no,Pontificium Consilium de Comunicationibus Socialibus (PCCS) (Pontifical Council for Social Communication)
228,cba,gTLD,,,,,no,COMMONWEALTH BANK OF AUSTRALIA
229,cbn,gTLD,,,,,no,"The Christian Broadcasting Network, Inc."
230,cbre,gTLD,,,,,no,"CBRE, Inc."
231,cbs,gTLD,,,,,no,CBS Domains Inc.
232,cc,ccTLD,,,,,no,eNIC Cocos (Keeling) Islands Pty. Ltd. d/b/a Island Internet Services
233,cd,ccTLD,,,,,no,Office Congolais des Postes et Télécommunications - OCPT
234,ceb,gTLD,,,,,no,The Corporate Executive Board Company
235,center,gTLD,,,,,no,"Binky Moon, LLC"
236,ceo,gTLD,,,,,no,CEOTLD Pty Ltd
237,cern,gTLD,,,,,no,"European Organization for Nuclear Research (""CERN"")"
238,cf,ccTLD,,,,,no,Societe Centrafricaine de Telecommunications (SOCATEL)
239,cfa,gTLD,,,,,no,CFA Institute
240,cfd,gTLD,,,,,no,DOTCFD REGISTRY LTD
241,cg,ccTLD,,,,,no,Interpoint Switzerland
242,ch,ccTLD,,,,,no,SWITCH The Swiss Education & Research Network
243,chanel,gTLD,,,,,no,Chanel International B.V.
244,channel,gTLD,,,,,no,Charleston Road Registry Inc.
245,charity,gTLD,,,,,no,"Corn Lake, LLC"
246,chase,gTLD,,,,,no,"JPMorgan Chase Bank, National Association"
247,chat,gTLD,,,,,no,"Binky Moon, LLC"
248,cheap,gTLD,,,,,no,"Binky Moon, LLC"
249,chintai,gTLD,,,,,no,CHINTAI Corporation
250,chloe,gTLD,,,,,no,Not assigned
251,christmas,gTLD,,,,,no,"Uniregistry, Corp."
252,chrome,gTLD,,,,,no,Charleston Road Registry Inc.
253,chrysler,gTLD,,,,,no,Not assigned
254,church,gTLD,,,,,no,"Binky Moon, LLC"
255,ci,ccTLD,,,,,no,Autorité de Régulation des Télécommunications/TIC de Côte d’lvoire (ARTCI)
256,cipriani,gTLD,,,,,no,Hotel Cipriani Srl
257,circle,gTLD,,,,,no,"Amazon Registry Services, Inc."
258,cisco,gTLD,,,,,no,"Cisco Technology, Inc."
259,citadel,gTLD,,,,,no,Citadel Domain LLC
260,citi,gTLD,,,,,no,Citigroup Inc.
261,citic,gTLD,,,,,no,CITIC Group Corporation
262,city,gTLD,,,,,no,"Binky Moon, LLC"
263,cityeats,gTLD,,,,,no,"Lifestyle Domain Holdings, Inc."
264,ck,ccTLD,,,,,no,Telecom Cook Islands Ltd.
265,cl,ccTLD,,,,,no,NIC Chile (University of Chile)
266,claims,gTLD,,,,,no,"Binky Moon, LLC"
267,cleaning,gTLD,,,,,no,"Binky Moon, LLC"
268,click,gTLD,,,,,no,"Uniregistry, Corp."
269,clinic,gTLD,,,,,no,"Binky Moon, LLC"
270,clinique,gTLD,,,,,no,The Estée Lauder Companies Inc.
271,clothing,gTLD,,,,,no,"Binky Moon, LLC"
272,cloud,gTLD,,,,,no,ARUBA PEC S.p.A.
273,club,gTLD,,,,,no,".CLUB DOMAINS, LLC"
274,clubmed,gTLD,,,,,no,Club Méditerranée S.A.
275,cm,ccTLD,,,,,no,Cameroon Telecommunications (CAMTEL)
276,cn,ccTLD,,,,,no,China Internet Network Information Center (CNNIC)
277,co,ccTLD,,,,,no,Ministry of Information and Communications Technologies (MinTIC)
278,coach,gTLD,,,,,no,"Binky Moon, LLC"
279,codes,gTLD,,,,,no,"Binky Moon, LLC"
280,coffee,gTLD,,,,,no,"Binky Moon, LLC"
281,college,gTLD,,,,,no,XYZ.COM LLC
282,cologne,gTLD,,,,,no,dotKoeln GmbH
283,com,gTLD,,,,,no,VeriSign Global Registry Services
284,comcast,gTLD,,,,,no,"Comcast IP Holdings I, LLC"
285,commbank,gTLD,,,,,no,COMMONWEALTH BANK OF AUSTRALIA
286,community,gTLD,,,,,no,"Binky Moon, LLC"
287,company,gTLD,,,,,no,"Binky Moon, LLC"
288,compare,gTLD,,,,,no,"Registry Services, LLC"
289,computer,gTLD,,,,,no,"Binky Moon, LLC"
290,comsec,gTLD,,,,,no,"VeriSign, Inc."
291,condos,gTLD,,,,,no,"Binky Moon, LLC"
292,construction,gTLD,,,,,no,"Binky Moon, LLC"
293,consulting,gTLD,,,,,no,"United TLD Holdco, LTD."
294,contact,gTLD,,,,,no,"Dog Beach, LLC"
295,contractors,gTLD,,,,,no,"Binky Moon, LLC"
296,cooking,gTLD,,,,,no,Minds + Machines Group Limited
297,cookingchannel,gTLD,,,,,no,"Lifestyle Domain Holdings, Inc."
298,cool,gTLD,,,,,no,"Binky Moon, LLC"
299,coop,sTLD,,,,,no,DotCooperation LLC
300,corsica,gTLD,,,,,no,Collectivité de Corse
301,country,gTLD,,,,,no,Top Level Domain Holdings Limited
302,coupon,gTLD,,,,,no,"Amazon Registry Services, Inc."
303,coupons,gTLD,,,,,no,"Binky Moon, LLC"
304,courses,gTLD,,,,,no,OPEN UNIVERSITIES AUSTRALIA PTY LTD
305,cpa,gTLD,,,,,no,American Institute of Certified Public Accountants
306,cr,ccTLD,,,,,no,National Academy of Sciences Academia Nacional de Ciencias
307,credit,gTLD,,,,,no,"Binky Moon, LLC"
308,creditcard,gTLD,,,,,no,"Binky Moon, LLC"
309,creditunion,gTLD,,,,,no,"CUNA Performance Resources, LLC"
310,cricket,gTLD,,,,,no,dot Cricket Limited
311,crown,gTLD,,,,,no,Crown Equipment Corporation
312,crs,gTLD,,,,,no,Federated Co-operatives Limited
313,cruise,gTLD,,,,,no,Viking River Cruises (Bermuda) Ltd.
314,cruises,gTLD,,,,,no,"Binky Moon, LLC"
315,csc,gTLD,,,,,no,"Alliance-One Services, Inc."
316,cu,ccTLD,,,,,no,CENIAInternet Industria y San Jose Capitolio Nacional
317,cuisinella,gTLD,,,,,no,SALM S.A.S.
318,cv,ccTLD,,,,,no,Agência Reguladora Multissectorial da Economia (ARME)
319,cw,ccTLD,,,,,no,University of Curacao
320,cx,ccTLD,,,,,no,Christmas Island Domain Administration Limited
321,cy,ccTLD,,,,,no,University of Cyprus
322,cymru,gTLD,,,,,no,Nominet UK
323,cyou,gTLD,,,,,no,Shortdot SA
324,cz,ccTLD,,,,,no,"CZ.NIC, z.s.p.o"
325,dabur,gTLD,,,,,no,Dabur India Limited
326,dad,gTLD,,,,,no,Charleston Road Registry Inc.
327,dance,gTLD,,,,,no,United TLD Holdco Ltd.
328,data,gTLD,,,,,no,Dish DBS Corporation
329,date,gTLD,,,,,no,dot Date Limited
330,dating,gTLD,,,,,no,"Binky Moon, LLC"
331,datsun,gTLD,,,,,no,"NISSAN MOTOR CO., LTD."
332,day,gTLD,,,,,no,Charleston Road Registry Inc.
333,dclk,gTLD,,,,,no,Charleston Road Registry Inc.
334,dds,gTLD,,,,,no,Minds + Machines Group Limited
335,de,ccTLD,,,,,no,DENIC eG
336,deal,gTLD,,,,,no,"Amazon Registry Services, Inc."
337,dealer,gTLD,,,,,no,Intercap Registry Inc.
338,deals,gTLD,,,,,no,"Binky Moon, LLC"
339,degree,gTLD,,,,,no,"United TLD Holdco, Ltd"
340,delivery,gTLD,,,,,no,"Binky Moon, LLC"
341,dell,gTLD,,,,,no,Dell Inc.
342,deloitte,gTLD,,,,,no,Deloitte Touche Tohmatsu
343,delta,gTLD,,,,,no,"Delta Air Lines, Inc."
344,democrat,gTLD,,,,,no,United TLD Holdco Ltd.
345,dental,gTLD,,,,,no,"Binky Moon, LLC"
346,dentist,gTLD,,,,,no,"United TLD Holdco, Ltd"
347,desi,gTLD,,,hindi for the peoples and cultures of south asia see also desi,,no,Desi Networks LLC
348,design,gTLD,,,,,no,"Top Level Design, LLC"
349,dev,gTLD,,,,,no,Charleston Road Registry Inc.
350,dhl,gTLD,,,,,no,Deutsche Post AG
351,diamonds,gTLD,,,,,no,"Binky Moon, LLC"
352,diet,gTLD,,,,,no,"Uniregistry, Corp."
353,digital,gTLD,,,,,no,"Binky Moon, LLC"
354,direct,gTLD,,,,,no,"Binky Moon, LLC"
355,directory,gTLD,,,,,no,"Binky Moon, LLC"
356,discount,gTLD,,,,,no,"Binky Moon, LLC"
357,discover,gTLD,,,,,no,Discover Financial Services
358,dish,gTLD,,,,,no,Dish DBS Corporation
359,diy,gTLD,,,,,no,"Lifestyle Domain Holdings, Inc."
360,dj,ccTLD,,,,,no,Djibouti Telecom S.A
361,dk,ccTLD,,,,,no,Dansk Internet Forum
362,dm,ccTLD,,,,,no,DotDM Corporation
363,dnp,gTLD,,,,,no,"Dai Nippon Printing Co., Ltd."
364,do,ccTLD,,,,,no,Pontificia Universidad Catolica Madre y Maestra Recinto Santo Tomas de Aquino
365,docs,gTLD,,,,,no,Charleston Road Registry Inc.
366,doctor,gTLD,,,,,no,"Binky Moon, LLC"
367,dodge,gTLD,,,,,no,Not assigned
368,dog,gTLD,,,,,no,"Binky Moon, LLC"
369,doha,gTLD,,,,,no,Not assigned
370,domains,gTLD,,,,,no,"Binky Moon, LLC"
371,doosan,gTLD,,,,,no,Retired
372,dot,gTLD,,,,,no,Dish DBS Corporation
373,download,gTLD,,,,,no,dot Support Limited
374,drive,gTLD,,,,,no,Charleston Road Registry Inc.
375,dtv,gTLD,,,,,no,Dish DBS Corporation
376,dubai,gTLD,,,,,no,Dubai Smart Government Department
377,duck,gTLD,,,,,no,"Johnson Shareholdings, Inc."
378,dunlop,gTLD,,,,,no,The Goodyear Tire & Rubber Company
379,duns,gTLD,,,,,no,Not assigned
380,dupont,gTLD,,,,,no,E. I. du Pont de Nemours and Company
381,durban,gTLD,,,,,no,ZA Central Registry NPC trading as ZA Central Registry
382,dvag,gTLD,,,,,no,Deutsche Vermögensberatung Aktiengesellschaft DVAG
383,dvr,gTLD,,,,,no,Hughes Satellite Systems Corporation
384,dz,ccTLD,,,,,no,CERIST
385,earth,gTLD,,,,,no,"Interlink Co., Ltd."
386,eat,gTLD,,,,,no,Charleston Road Registry Inc.
387,ec,ccTLD,,,,,no,ECUADORDOMAIN S.A.
388,eco,gTLD,,,,,no,Big Room Inc.
389,edeka,gTLD,,,,,no,EDEKA Verband kaufmännischer Genossenschaften e.V.
390,edu,sTLD,,,,,no,EDUCAUSE
391,education,gTLD,,,,,no,"Binky Moon, LLC"
392,ee,ccTLD,,,,,no,Eesti Interneti Sihtasutus (EIS)
393,eg,ccTLD,,,,,no,Egyptian Universities Network (EUN) Supreme Council of Universities
394,eh,ccTLD,,,,,no,Not assigned
395,email,gTLD,,,,,no,"Binky Moon, LLC"
396,emerck,gTLD,,,,,no,Merck KGaA
397,energy,gTLD,,,,,no,"Binky Moon, LLC"
398,engineer,gTLD,,,,,no,United TLD Holdco Ltd.
399,engineering,gTLD,,,,,no,"Binky Moon, LLC"
400,enterprises,gTLD,,,,,no,"Binky Moon, LLC"
401,epost,gTLD,,,e-mail,,no,Not assigned
402,epson,gTLD,,,,,no,Seiko Epson Corporation
403,equipment,gTLD,,,,,no,"Binky Moon, LLC"
404,er,ccTLD,,,,,no,Eritrea Telecommunication Services Corporation (EriTel)
405,ericsson,gTLD,,,,,no,Telefonaktiebolaget L M Ericsson
406,erni,gTLD,,,,,no,ERNI Group Holding AG
407,es,ccTLD,,,,,no,Red.es
408,esq,gTLD,,,,,no,Charleston Road Registry Inc.
409,estate,gTLD,,,,,no,"Binky Moon, LLC"
410,esurance,gTLD,,,,,no,Not assigned
411,et,ccTLD,,,,,no,Ethio telecom
412,etisalat,gTLD,,,,,no,Emirates Telecommunications Corporation (trading as Etisalat)
413,eu,ccTLD,,,,,no,EURid vzw/asbl
414,eurovision,gTLD,,,,,no,European Broadcasting Union (EBU)
415,eus,gTLD,,,,,no,Puntueus Fundazioa
416,events,gTLD,,,,,no,"Binky Moon, LLC"
417,everbank,gTLD,,,,,no,Not assigned
418,exchange,gTLD,,,,,no,"Binky Moon, LLC"
419,expert,gTLD,,,,,no,"Binky Moon, LLC"
420,exposed,gTLD,,,,,no,"Binky Moon, LLC"
421,express,gTLD,,,,,no,"Binky Moon, LLC"
422,extraspace,gTLD,,,,,no,Extra Space Storage LLC
423,fage,gTLD,,,,,no,Fage International S.A.
424,fail,gTLD,,,,,no,"Binky Moon, LLC"
425,fairwinds,gTLD,,,,,no,"FairWinds Partners, LLC"
426,faith,gTLD,,,,,no,dot Faith Limited
427,family,gTLD,,,,,no,United TLD Holdco Ltd.
428,fan,gTLD,,,,,no,Asiamix Digital Ltd
429,fans,gTLD,,,,,no,ZDNS International Limited
430,farm,gTLD,,,,,no,"Binky Moon, LLC"
431,farmers,gTLD,,,,,no,Farmers Insurance Exchange
432,fashion,gTLD,,,,,no,Minds + Machines Group Limited
433,fast,gTLD,,,,,no,"Amazon Registry Services, Inc."
434,fedex,gTLD,,,,,no,Federal Express Corporation
435,feedback,gTLD,,,,,no,"Top Level Spectrum, Inc."
436,ferrari,gTLD,,,,,no,Fiat Chrysler Automobiles N.V.
437,ferrero,gTLD,,,,,no,Ferrero Trading Lux S.A.
438,fi,ccTLD,,,,,no,Finnish Transport and Communications Agency Traficom
439,fiat,gTLD,,,,,no,Fiat Chrysler Automobiles N.V.
440,fidelity,gTLD,,,,,no,Fidelity Brokerage Services LLC
441,fido,gTLD,,,,,no,Rogers Communications Canada Inc.
442,film,gTLD,,,,,no,Motion Picture Domain Registry Pty Ltd
443,final,gTLD,,,,,no,Núcleo de Informação e Coordenação do Ponto BR - NIC.br
444,finance,gTLD,,,,,no,"Binky Moon, LLC"
445,financial,gTLD,,,,,no,"Binky Moon, LLC"
446,fire,gTLD,,,,,no,"Amazon Registry Services, Inc."
447,firestone,gTLD,,,,,no,"Bridgestone Licensing Services, Inc."
448,firmdale,gTLD,,,,,no,Firmdale Holdings Limited
449,fish,gTLD,,,,,no,"Binky Moon, LLC"
450,fishing,gTLD,,,,,no,Minds + Machines Group Limited
451,fit,gTLD,,,,,no,Minds + Machines Group Limited
452,fitness,gTLD,,,,,no,"Binky Moon, LLC"
453,fj,ccTLD,,,,,no,The University of the South Pacific IT Services
454,fk,ccTLD,,,,,no,Falkland Islands Government
455,flickr,gTLD,,,,,no,"Flickr, Inc."
456,flights,gTLD,,,,,no,"Binky Moon, LLC"
457,flir,gTLD,,,,,no,"FLIR Systems, Inc."
458,florist,gTLD,,,,,no,"Binky Moon, LLC"
459,flowers,gTLD,,,,,no,"Uniregistry, Corp."
460,flsmidth,gTLD,,,,,no,Retired
461,fly,gTLD,,,,,no,Charleston Road Registry Inc.
462,fm,ccTLD,,,,,no,FSM Telecommunications Corporation
463,fo,ccTLD,,,,,no,FO Council
464,foo,gTLD,,,,,no,Charleston Road Registry Inc.
465,food,gTLD,,,,,no,"Lifestyle Domain Holdings, Inc."
466,foodnetwork,gTLD,,,,,no,"Lifestyle Domain Holdings, Inc."
467,football,gTLD,,,,,no,"Binky Moon, LLC"
468,ford,gTLD,,,,,no,Ford Motor Company
469,forex,gTLD,,,,,no,DOTFOREX REGISTRY LTD
470,forsale,gTLD,,,,,no,"United TLD Holdco, LLC"
471,forum,gTLD,,,,,no,"Fegistry, LLC"
472,foundation,gTLD,,,,,no,"Binky Moon, LLC"
473,fox,gTLD,,,,,no,"FOX Registry, LLC"
474,fr,ccTLD,,,,,no,Association Française pour le Nommage Internet en Coopération (A.F.N.I.C.)
475,free,gTLD,,,,,no,"Amazon Registry Services, Inc."
476,fresenius,gTLD,,,,,no,Fresenius Immobilien-Verwaltungs-GmbH
477,frl,gTLD,,,,,no,FRLregistry B.V.
478,frogans,gTLD,,,,,no,OP3FT
479,frontdoor,gTLD,,,,,no,"Lifestyle Domain Holdings, Inc."
480,frontier,gTLD,,,,,no,Frontier Communications Corporation
481,ftr,gTLD,,,,,no,Frontier Communications Corporation
482,fujitsu,gTLD,,,,,no,Fujitsu Limited
483,fujixerox,gTLD,,,,,no,Xerox DNHC LLC
484,fun,gTLD,,,,,no,"DotSpace, Inc."
485,fund,gTLD,,,,,no,"Binky Moon, LLC"
486,furniture,gTLD,,,,,no,"Binky Moon, LLC"
487,futbol,gTLD,,,soccer,,no,"United TLD Holdco, Ltd."
488,fyi,gTLD,,,,,no,"Binky Moon, LLC"
489,ga,ccTLD,,,,,no,Agence Nationale des Infrastructures Numériques et des Fréquences (ANINF)
490,gal,gTLD,,,,,no,Asociación puntoGAL
491,gallery,gTLD,,,,,no,"Binky Moon, LLC"
492,gallo,gTLD,,,,,no,"Gallo Vineyards, Inc."
493,gallup,gTLD,,,,,no,"Gallup, Inc."
494,game,gTLD,,,,,no,"Uniregistry, Corp."
495,games,gTLD,,,,,no,United TLD Holdco Ltd.
496,gap,gTLD,,,,,no,"The Gap, Inc."
497,garden,gTLD,,,,,no,Minds + Machines Group Limited
498,gay,gTLD,,,,,no,"Top Level Design, LLC"
499,gb,ccTLD,,,,,no,Reserved Domain - IANA
500,gbiz,gTLD,,,,,no,Charleston Road Registry Inc.
501,gd,ccTLD,,,,,no,The National Telecommunications Regulatory Commission (NTRC)
502,gdn,gTLD,,,,,no,"Joint Stock Company ""Navigation-information systems"""
503,ge,ccTLD,,,,,no,Caucasus Online LLC
504,gea,gTLD,,,,,no,GEA Group Aktiengesellschaft
505,gent,gTLD,,,,,no,Combell nv
506,genting,gTLD,,,,,no,Resorts World Inc. Pte. Ltd.
507,george,gTLD,,,,,no,"Wal-Mart Stores, Inc."
508,gf,ccTLD,,,,,no,Net Plus
509,gg,ccTLD,,,,,no,Island Networks Ltd.
510,ggee,gTLD,,,,,no,"GMO Internet, Inc."
511,gh,ccTLD,,,,,no,Network Computer Systems Limited
512,gi,ccTLD,,,,,no,Sapphire Networks
513,gift,gTLD,,,,,no,"Uniregistry, Corp."
514,gifts,gTLD,,,,,no,"Binky Moon, LLC"
515,gives,gTLD,,,,,no,United TLD Holdco Ltd.
516,giving,gTLD,,,,,no,Giving Limited
517,gl,ccTLD,,,,,no,TELE Greenland A/S
518,glade,gTLD,,,,,no,"Johnson Shareholdings, Inc."
519,glass,gTLD,,,,,no,"Binky Moon, LLC"
520,gle,gTLD,,,,,no,Charleston Road Registry Inc.
521,global,gTLD,,,,,no,Dot Global Domain Registry Limited
522,globo,gTLD,,,,,no,Globo Comunicação e Participações S.A
523,gm,ccTLD,,,,,no,GM-NIC
524,gmail,gTLD,,,,,no,Charleston Road Registry Inc.
525,gmbh,gTLD,,,company,,no,"Binky Moon, LLC"
526,gmo,gTLD,,,,,no,"GMO Internet, Inc."
527,gmx,gTLD,,,,,no,1&1 Mail & Media GmbH
528,gn,ccTLD,,,,,no,Centre National des Sciences Halieutiques de Boussoura
529,godaddy,gTLD,,,,,no,"Go Daddy East, LLC"
530,gold,gTLD,,,,,no,"Binky Moon, LLC"
531,goldpoint,gTLD,,,,,no,"YODOBASHI CAMERA CO.,LTD."
532,golf,gTLD,,,,,no,"Binky Moon, LLC"
533,goo,gTLD,,,,,no,NTT Resonant Inc.
534,goodhands,gTLD,,,,,no,Not assigned
535,goodyear,gTLD,,,,,no,The Goodyear Tire & Rubber Company
536,goog,gTLD,,,,,no,Charleston Road Registry Inc.
537,google,gTLD,,,,,no,Charleston Road Registry Inc.
538,gop,gTLD,,,,,no,"Republican State Leadership Committee, Inc."
539,got,gTLD,,,,,no,"Amazon Registry Services, Inc."
540,gov,sTLD,,,,,no,"General Services Administration Attn: QTDC, 2E08 (.gov Domain Registration)"
541,gp,ccTLD,,,,,no,Networking Technologies Group
542,gq,ccTLD,,,,,no,GETESA
543,gr,ccTLD,,,,,no,ICS-FORTH GR
544,grainger,gTLD,,,,,no,"Grainger Registry Services, LLC"
545,graphics,gTLD,,,,,no,"Binky Moon, LLC"
546,gratis,gTLD,,,free,,no,"Binky Moon, LLC"
547,green,gTLD,,,,,no,Afilias Limited
548,gripe,gTLD,,,,,no,"Binky Moon, LLC"
549,grocery,gTLD,,,,,no,"Wal-Mart Stores, Inc."
550,group,gTLD,,,,,no,"Binky Moon, LLC"
551,gs,ccTLD,,,,,no,Government of South Georgia and South Sandwich Islands (GSGSSI)
552,gt,ccTLD,,,,,no,Universidad del Valle de Guatemala
553,gu,ccTLD,,,,,no,University of Guam
554,guardian,gTLD,,,,,no,The Guardian Life Insurance Company of America
555,gucci,gTLD,,,,,no,Guccio Gucci S.p.a.
556,guge,gTLD,,,,,no,Charleston Road Registry Inc.
557,guide,gTLD,,,,,no,"Binky Moon, LLC"
558,guitars,gTLD,,,,,no,"Uniregistry, Corp."
559,guru,gTLD,,,,,no,"Binky Moon, LLC"
560,gw,ccTLD,,,,,no,Autoridade Reguladora Nacional - Tecnologias de Informação e Comunicação da Guiné-Bissau
561,gy,ccTLD,,,,,no,University of Guyana
562,hair,gTLD,,,,,no,XYZ.COM LLC
563,hamburg,gTLD,,,,,no,Hamburg Top-Level-Domain GmbH
564,hangout,gTLD,,,,,no,Charleston Road Registry Inc.
565,haus,gTLD,,,house,,no,"United TLD Holdco, LTD."
566,hbo,gTLD,,,,,no,"HBO Registry Services, Inc."
567,hdfc,gTLD,,,,,no,HOUSING DEVELOPMENT FINANCE CORPORATION LIMITED
568,hdfcbank,gTLD,,,,,no,HDFC Bank Limited
569,health,gTLD,,,,,no,"DotHealth, LLC"
570,healthcare,gTLD,,,,,no,"Binky Moon, LLC"
571,help,gTLD,,,,,no,"Uniregistry, Corp."
572,helsinki,gTLD,,,,,no,City of Helsinki
573,here,gTLD,,,,,no,Charleston Road Registry Inc.
574,hermes,gTLD,,,,,no,Hermes International
575,hgtv,gTLD,,,,,no,"Lifestyle Domain Holdings, Inc."
576,hiphop,gTLD,,,,,no,"Uniregistry, Corp."
577,hisamitsu,gTLD,,,,,no,"Hisamitsu Pharmaceutical Co.,Inc."
578,hitachi,gTLD,,,,,no,"Hitachi, Ltd."
579,hiv,gTLD,,,,,no,"Uniregistry, Corp."
580,hk,ccTLD,,,,,no,Hong Kong Internet Registration Corporation Ltd.
581,hkt,gTLD,,,,,no,PCCW-HKT DataCom Services Limited
582,hm,ccTLD,,,,,no,HM Domain Registry
583,hn,ccTLD,,,,,no,Red de Desarrollo Sostenible Honduras
584,hockey,gTLD,,,,,no,"Binky Moon, LLC"
585,holdings,gTLD,,,,,no,"Binky Moon, LLC"
586,holiday,gTLD,,,,,no,"Binky Moon, LLC"
587,homedepot,gTLD,,,,,no,"Home Depot Product Authority, LLC"
588,homegoods,gTLD,,,,,no,"The TJX Companies, Inc."
589,homes,gTLD,,,,,no,"DERHomes, LLC"
590,homesense,gTLD,,,,,no,"The TJX Companies, Inc."
591,honda,gTLD,,,,,no,"Honda Motor Co., Ltd."
592,honeywell,gTLD,,,,,no,Not assigned
593,horse,gTLD,,,,,no,Minds + Machines Group Limited
594,hospital,gTLD,,,,,no,"Binky Moon, LLC"
595,host,gTLD,,,,,no,DotHost Inc.
596,hosting,gTLD,,,,,no,"Uniregistry, Corp."
597,hot,gTLD,,,,,no,"Amazon Registry Services, Inc."
598,hoteles,gTLD,,,hotels,,no,Travel Reservations SRL
599,hotels,gTLD,,,,,no,Booking.com B.V.
600,hotmail,gTLD,,,,,no,Microsoft Corporation
601,house,gTLD,,,,,no,"Binky Moon, LLC"
602,how,gTLD,,,,,no,Charleston Road Registry Inc.
603,hr,ccTLD,,,,,no,CARNet - Croatian Academic and Research Network
604,hsbc,gTLD,,,,,no,HSBC Global Services (UK) Limited
605,ht,ccTLD,,,,,no,Consortium FDS/RDDH
606,htc,gTLD,,,,,no,Not assigned
607,hu,ccTLD,,,,,no,Council of Hungarian Internet Providers (CHIP)
608,hughes,gTLD,,,,,no,Hughes Satellite Systems Corporation
609,hyatt,gTLD,,,,,no,"Hyatt GTLD, L.L.C."
610,hyundai,gTLD,,,,,no,Hyundai Motor Company
611,ibm,gTLD,,,,,no,International Business Machines Corporation
612,icbc,gTLD,,,,,no,Industrial and Commercial Bank of China Limited
613,ice,gTLD,,,,,no,"IntercontinentalExchange, Inc."
614,icu,gTLD,,,,,no,Shortdot SA
615,id,ccTLD,,,,,no,Perkumpulan Pengelola Nama Domain Internet Indonesia (PANDI)
616,ie,ccTLD,,,,,no,University College Dublin Computing Services Computer Centre
617,ieee,gTLD,,,,,no,IEEE Global LLC
618,ifm,gTLD,,,,,no,ifm electronic gmbh
619,iinet,gTLD,,,,,no,Retired
620,ikano,gTLD,,,,,no,Ikano S.A.
621,il,ccTLD,,,,,no,Internet Society of Israel
622,im,ccTLD,,,,,no,Isle of Man Government
623,imamat,gTLD,,,,,no,Fondation Aga Khan (Aga Khan Foundation)
624,imdb,gTLD,,,,,no,"Amazon Registry Services, Inc."
625,immo,gTLD,,,real estate,,no,"Binky Moon, LLC"
626,immobilien,gTLD,,,real estate,,no,United TLD Holdco Ltd.
627,in,ccTLD,,,,,no,National Internet Exchange of India
628,inc,gTLD,,,,,no,Intercap Registry Inc.
629,industries,gTLD,,,,,no,"Binky Moon, LLC"
630,infiniti,gTLD,,,,,no,"NISSAN MOTOR CO., LTD."
631,info,gTLD,,,,,no,Afilias Limited
632,ing,gTLD,,,,,no,Charleston Road Registry Inc.
633,ink,gTLD,,,,,no,"Top Level Design, LLC"
634,institute,gTLD,,,,,no,"Binky Moon, LLC"
635,insurance,gTLD,,,,,no,fTLD Registry Services LLC
636,insure,gTLD,,,,,no,"Binky Moon, LLC"
637,int,sTLD,,,,,no,Internet Assigned Numbers Authority
638,intel,gTLD,,,,,no,Not assigned
639,international,gTLD,,,,,no,"Binky Moon, LLC"
640,intuit,gTLD,,,,,no,"Intuit Administrative Services, Inc."
641,investments,gTLD,,,,,no,"Binky Moon, LLC"
642,io,ccTLD,,,,,no,Internet Computer Bureau Limited
643,ipiranga,gTLD,,,,,no,Ipiranga Produtos de Petroleo S.A.
644,iq,ccTLD,,,,,no,Communications and Media Commission (CMC)
645,ir,ccTLD,,,,,no,Institute for Research in Fundamental Sciences
646,irish,gTLD,,,,,no,"Binky Moon, LLC"
647,is,ccTLD,,,,,no,ISNIC - Internet Iceland ltd.
648,iselect,gTLD,,,,,no,Not assigned
649,ismaili,gTLD,,,,,no,Fondation Aga Khan (Aga Khan Foundation)
650,ist,gTLD,,,,,no,Istanbul Metropolitan Municipality
651,istanbul,gTLD,,,,,no,Istanbul Metropolitan Municipality
652,it,ccTLD,,,,,no,IIT - CNR
653,itau,gTLD,,,,,no,Itau Unibanco Holding S.A.
654,itv,gTLD,,,,,no,ITV Services Limited
655,iveco,gTLD,,,,,no,CNH Industrial N.V.
656,iwc,gTLD,,,,,no,Not assigned
657,jaguar,gTLD,,,,,no,Jaguar Land Rover Ltd
658,java,gTLD,,,,,no,Oracle Corporation
659,jcb,gTLD,,,,,no,"JCB Co., Ltd."
660,jcp,gTLD,,,,,no,"JCP Media, Inc."
661,je,ccTLD,,,,,no,Island Networks (Jersey) Ltd.
662,jeep,gTLD,,,,,no,FCA US LLC.
663,jetzt,gTLD,,,now,,no,"Binky Moon, LLC"
664,jewelry,gTLD,,,,,no,"Binky Moon, LLC"
665,jio,gTLD,,,,,no,"Affinity Names, Inc."
666,jlc,gTLD,,,,,no,Not assigned
667,jll,gTLD,,,,,no,Jones Lang LaSalle Incorporated
668,jm,ccTLD,,,,,no,University of West Indies
669,jmp,gTLD,,,,,no,Matrix IP LLC
670,jnj,gTLD,,,,,no,"Johnson & Johnson Services, Inc."
671,jo,ccTLD,,,,,no,National Information Technology Center (NITC)
672,jobs,sTLD,,,,,no,Employ Media LLC
673,joburg,gTLD,,,,,no,ZA Central Registry NPC trading as ZA Central Registry
674,jot,gTLD,,,,,no,"Amazon Registry Services, Inc."
675,joy,gTLD,,,,,no,"Amazon Registry Services, Inc."
676,jp,ccTLD,,,,,no,"Japan Registry Services Co., Ltd."
677,jpmorgan,gTLD,,,,,no,"JPMorgan Chase Bank, National Association"
678,jprs,gTLD,,,,,no,"Japan Registry Services Co., Ltd."
679,juegos,gTLD,,,games,,no,"Uniregistry, Corp."
680,juniper,gTLD,,,,,no,"JUNIPER NETWORKS, INC."
681,kaufen,gTLD,,,buy,,no,United TLD Holdco Ltd.
682,kddi,gTLD,,,,,no,KDDI CORPORATION
683,ke,ccTLD,,,,,no,Kenya Network Information Center (KeNIC)
684,kerryhotels,gTLD,,,,,no,Kerry Trading Co. Limited
685,kerrylogistics,gTLD,,,,,no,Kerry Trading Co. Limited
686,kerryproperties,gTLD,,,,,no,Kerry Trading Co. Limited
687,kfh,gTLD,,,,,no,Kuwait Finance House
688,kg,ccTLD,,,,,no,AsiaInfo Telecommunication Enterprise
689,kh,ccTLD,,,,,no,Telecommunication Regulator of Cambodia (TRC)
690,ki,ccTLD,,,,,no,"Ministry of Communications, Transport, and Tourism Development"
691,kia,gTLD,,,,,no,KIA MOTORS CORPORATION
692,kim,gTLD,,,,,no,Afilias Limited
693,kinder,gTLD,,,children,,no,Ferrero Trading Lux S.A.
694,kindle,gTLD,,,,,no,"Amazon Registry Services, Inc."
695,kitchen,gTLD,,,,,no,"Binky Moon, LLC"
696,kiwi,gTLD,,,,,no,DOT KIWI LIMITED
697,km,ccTLD,,,,,no,Comores Telecom
698,kn,ccTLD,,,,,no,"Ministry of Finance, Sustainable Development Information & Technology"
699,koeln,gTLD,,,,,no,dotKoeln GmbH
700,komatsu,gTLD,,,,,no,Komatsu Ltd.
701,kosher,gTLD,,,,,no,Kosher Marketing Assets LLC
702,kp,ccTLD,,,,,no,Star Joint Venture Company
703,kpmg,gTLD,,,,,no,KPMG International Cooperative (KPMG International Genossenschaft)
704,kpn,gTLD,,,,,no,Koninklijke KPN N.V.
705,kr,ccTLD,,,,,no,Korea Internet & Security Agency (KISA)
706,krd,gTLD,,,,,no,KRG Department of Information Technology
707,kred,gTLD,,,,,no,KredTLD Pty Ltd
708,kuokgroup,gTLD,,,,,no,Kerry Trading Co. Limited
709,kw,ccTLD,,,,,no,Communications and Information Technology Regulatory Authority
710,ky,ccTLD,,,,,no,Utility Regulation and Competition Office (OfReg)
711,kyoto,gTLD,,,,,no,Academic Institution: Kyoto Jyoho Gakuen
712,kz,ccTLD,,,,,no,Association of IT Companies of Kazakhstan
713,la,ccTLD,,,,,no,"Lao National Internet Committee (LANIC), Ministry of Posts and Telecommunications"
714,lacaixa,gTLD,,,,,no,CAIXA D'ESTALVIS I PENSIONS DE BARCELONA
715,ladbrokes,gTLD,,,,,no,Not assigned
716,lamborghini,gTLD,,,,,no,Automobili Lamborghini S.p.A.
717,lamer,gTLD,,,,,no,The Estée Lauder Companies Inc.
718,lancaster,gTLD,,,,,no,LANCASTER
719,lancia,gTLD,,,,,no,Fiat Chrysler Automobiles N.V.
720,lancome,gTLD,,,,,no,Not assigned
721,land,gTLD,,,,,no,"Binky Moon, LLC"
722,landrover,gTLD,,,,,no,Jaguar Land Rover Ltd
723,lanxess,gTLD,,,,,no,LANXESS Corporation
724,lasalle,gTLD,,,,,no,Jones Lang LaSalle Incorporated
725,lat,gTLD,,,,,no,ECOM-LAC Federación de Latinoamérica y el Caribe para Internet y el Comercio Electrónico
726,latino,gTLD,,,,,no,Dish DBS Corporation
727,latrobe,gTLD,,,,,no,La Trobe University
728,law,gTLD,,,,,no,LW TLD Limited
729,lawyer,gTLD,,,,,no,"United TLD Holdco, Ltd"
730,lb,ccTLD,,,,,no,American University of Beirut Computing and Networking Services
731,lc,ccTLD,,,,,no,University of Puerto Rico
732,lds,gTLD,,,,,no,"IRI Domain Management, LLC"
733,lease,gTLD,,,,,no,"Binky Moon, LLC"
734,leclerc,gTLD,,,,,no,A.C.D. LEC Association des Centres Distributeurs Edouard Leclerc
735,lefrak,gTLD,,,,,no,"LeFrak Organization, Inc."
736,legal,gTLD,,,,,no,"Binky Moon, LLC"
737,lego,gTLD,,,,,no,LEGO Juris A/S
738,lexus,gTLD,,,,,no,TOYOTA MOTOR CORPORATION
739,lgbt,gTLD,,,,,no,Afilias Limited
740,li,ccTLD,,,,,no,SWITCH The Swiss Education & Research Network
741,liaison,gTLD,,,,,no,Not assigned
742,lidl,gTLD,,,,,no,Schwarz Domains und Services GmbH & Co. KG
743,life,gTLD,,,,,no,"Binky Moon, LLC"
744,lifeinsurance,gTLD,,,,,no,American Council of Life Insurers
745,lifestyle,gTLD,,,,,no,"Lifestyle Domain Holdings, Inc."
746,lighting,gTLD,,,,,no,"Binky Moon, LLC"
747,like,gTLD,,,,,no,"Amazon Registry Services, Inc."
748,lilly,gTLD,,,,,no,Eli Lilly and Company
749,limited,gTLD,,,,,no,"Binky Moon, LLC"
750,limo,gTLD,,,,,no,"Binky Moon, LLC"
751,lincoln,gTLD,,,,,no,Ford Motor Company
752,linde,gTLD,,,,,no,Linde Aktiengesellschaft
753,link,gTLD,,,,,no,"Uniregistry, Corp."
754,lipsy,gTLD,,,,,no,Lipsy Ltd
755,live,gTLD,,,,,no,United TLD Holdco Ltd.
756,living,gTLD,,,,,no,"Lifestyle Domain Holdings, Inc."
757,lixil,gTLD,,,,,no,LIXIL Group Corporation
758,lk,ccTLD,,,,,no,Council for Information Technology LK Domain Registrar
759,llc,gTLD,,,,,no,Afilias Limited
760,llp,gTLD,,,,,no,Dot Registry LLC
761,loan,gTLD,,,,,no,dot Loan Limited
762,loans,gTLD,,,,,no,"Binky Moon, LLC"
763,locker,gTLD,,,,,no,Dish DBS Corporation
764,locus,gTLD,,,,,no,Locus Analytics LLC
765,loft,gTLD,,,,,no,"Annco, Inc."
766,lol,gTLD,,,,,no,"Uniregistry, Corp."
767,london,gTLD,,,,,no,Dot London Domains Limited
768,lotte,gTLD,,,,,no,"Lotte Holdings Co., Ltd."
769,lotto,gTLD,,,,,no,Afilias Limited
770,love,gTLD,,,,,no,Merchant Law Group LLP
771,lpl,gTLD,,,,,no,"LPL Holdings, Inc."
772,lplfinancial,gTLD,,,,,no,"LPL Holdings, Inc."
773,lr,ccTLD,,,,,no,"Data Technology Solutions, Inc."
774,ls,ccTLD,,,,,no,Lesotho Network Information Centre Proprietary (LSNIC)
775,lt,ccTLD,,,,,no,Kaunas University of Technology
776,ltd,gTLD,,,,,no,"Binky Moon, LLC"
777,ltda,gTLD,,,companies in south america,,no,InterNetX Corp.
778,lu,ccTLD,,,,,no,RESTENA
779,lundbeck,gTLD,,,,,no,H. Lundbeck A/S
780,lupin,gTLD,,,,,no,LUPIN LIMITED
781,luxe,gTLD,,,,,no,Minds + Machines Group Limited
782,luxury,gTLD,,,,,no,Luxury Partners LLC
783,lv,ccTLD,,,,,no,University of Latvia Institute of Mathematics and Computer Science Department of Network Solutions (DNS)
784,ly,ccTLD,,,,,no,General Post and Telecommunication Company
785,ma,ccTLD,,,,,no,Agence Nationale de Réglementation des Télécommunications (ANRT)
786,macys,gTLD,,,,,no,"Macys, Inc."
787,madrid,gTLD,,,,,no,Comunidad de Madrid
788,maif,gTLD,,,,,no,Mutuelle Assurance Instituteur France (MAIF)
789,maison,gTLD,,,house,,no,"Binky Moon, LLC"
790,makeup,gTLD,,,,,no,XYZ.COM LLC
791,man,gTLD,,,,,no,MAN SE
792,management,gTLD,,,,,no,"Binky Moon, LLC"
793,mango,gTLD,,,,,no,PUNTO FA S.L.
794,map,gTLD,,,,,no,Charleston Road Registry Inc.
795,market,gTLD,,,,,no,"United TLD Holdco, Ltd"
796,marketing,gTLD,,,,,no,"Binky Moon, LLC"
797,markets,gTLD,,,,,no,DOTMARKETS REGISTRY LTD
798,marriott,gTLD,,,,,no,Marriott Worldwide Corporation
799,marshalls,gTLD,,,,,no,"The TJX Companies, Inc."
800,maserati,gTLD,,,,,no,Fiat Chrysler Automobiles N.V.
801,mattel,gTLD,,,,,no,"Mattel Sites, Inc."
802,mba,gTLD,,,,,no,"Binky Moon, LLC"
803,mc,ccTLD,,,,,no,Gouvernement de Monaco Direction des Communications Electroniques
804,mcd,gTLD,,,,,no,Not assigned
805,mcdonalds,gTLD,,,,,no,Not assigned
806,mckinsey,gTLD,,,,,no,"McKinsey Holdings, Inc."
807,md,ccTLD,,,,,no,MoldData S.E.
808,me,ccTLD,,,,,no,Government of Montenegro
809,med,gTLD,,,,,no,Medistry LLC
810,media,gTLD,,,,,no,"Binky Moon, LLC"
811,meet,gTLD,,,,,no,Charleston Road Registry Inc.
812,melbourne,gTLD,,,,,no,"The Crown in right of the State of Victoria, represented by its Department of State Development, Business and Innovation"
813,meme,gTLD,,,,,no,Charleston Road Registry Inc.
814,memorial,gTLD,,,,,no,"Dog Beach, LLC"
815,men,gTLD,,,,,no,Exclusive Registry Limited
816,menu,gTLD,,,,,no,"Wedding TLD2, LLC"
817,meo,gTLD,,,,,no,Not assigned
818,merckmsd,gTLD,,,,,no,"MSD Registry Holdings, Inc."
819,metlife,gTLD,,,,,no,Not assigned
820,mf,ccTLD,,,,,no,Not assigned
821,mg,ccTLD,,,,,no,NIC-MG (Network Information Center Madagascar)
822,mh,ccTLD,,,,,no,Office of the Cabinet
823,miami,gTLD,,,,,no,Minds + Machines Group Limited
824,microsoft,gTLD,,,,,no,Microsoft Corporation
825,mil,sTLD,,,,,no,DoD Network Information Center
826,mini,gTLD,,,,,no,Bayerische Motoren Werke Aktiengesellschaft
827,mint,gTLD,,,,,no,"Intuit Administrative Services, Inc."
828,mit,gTLD,,,,,no,Massachusetts Institute of Technology
829,mitsubishi,gTLD,,,,,no,Mitsubishi Corporation
830,mk,ccTLD,,,,,no,Macedonian Academic Research Network Skopje
831,ml,ccTLD,,,,,no,Agence des Technologies de l’Information et de la Communication
832,mlb,gTLD,,,,,no,"MLB Advanced Media DH, LLC"
833,mls,gTLD,,,,,no,The Canadian Real Estate Association
834,mm,ccTLD,,,,,no,Ministry of Transport and Communications
835,mma,gTLD,,,,,no,MMA IARD
836,mn,ccTLD,,,,,no,"Datacom Co., Ltd."
837,mo,ccTLD,,,,,no,Macao Post and Telecommunications Bureau (CTT)
838,mobi,gTLD,,,,,no,Afilias Technologies Limited dba dotMobi
839,mobile,gTLD,,,,,no,Dish DBS Corporation
840,mobily,gTLD,,,,,no,Not assigned
841,moda,gTLD,,,fashion,,no,United TLD Holdco Ltd.
842,moe,gTLD,,,geek,,no,"Interlink Co., Ltd."
843,moi,gTLD,,,,,no,"Amazon Registry Services, Inc."
844,mom,gTLD,,,,,no,"Uniregistry, Corp."
845,monash,gTLD,,,,,no,Monash University
846,money,gTLD,,,,,no,"Binky Moon, LLC"
847,monster,gTLD,,,,,no,XYZ.COM LLC
848,montblanc,gTLD,,,,,no,Not assigned
849,mopar,gTLD,,,,,no,Not assigned
850,mormon,gTLD,,,,,no,"IRI Domain Management, LLC (""Applicant"")"
851,mortgage,gTLD,,,,,no,"United TLD Holdco, Ltd"
852,moscow,gTLD,,,,,no,Foundation for Assistance for Internet Technologies and Infrastructure Development (FAITID)
853,moto,gTLD,,,,,no,"Motorola Trademark Holdings, LLC"
854,motorcycles,gTLD,,,,,no,"DERMotorcycles, LLC"
855,mov,gTLD,,,,,no,Charleston Road Registry Inc.
856,movie,gTLD,,,,,no,"Binky Moon, LLC"
857,movistar,gTLD,,,,,no,Not assigned
858,mp,ccTLD,,,,,no,"Saipan Datacom, Inc."
859,mq,ccTLD,,,,,no,MEDIASERV
860,mr,ccTLD,,,,,no,Université de Nouakchott Al Aasriya
861,ms,ccTLD,,,,,no,MNI Networks Ltd.
862,msd,gTLD,,,,,no,"MSD Registry Holdings, Inc."
863,mt,ccTLD,,,,,no,NIC (Malta)
864,mtn,gTLD,,,,,no,MTN Dubai Limited
865,mtpc,gTLD,,,,,no,Retired
866,mtr,gTLD,,,,,no,MTR Corporation Limited
867,mu,ccTLD,,,,,no,Internet Direct Ltd
868,museum,sTLD,,,,,no,Museum Domain Management Association
869,mutual,gTLD,,,,,no,"Northwestern Mutual MU TLD Registry, LLC"
870,mutuelle,gTLD,,,,,no,Retired
871,mv,ccTLD,,,,,no,Dhiraagu Pvt. Ltd. (DHIVEHINET)
872,mw,ccTLD,,,,,no,Malawi Sustainable Development Network Programme (Malawi SDNP)
873,mx,ccTLD,,,,,no,NIC-Mexico ITESM - Campus Monterrey
874,my,ccTLD,,,,,no,MYNIC Berhad
875,mz,ccTLD,,,,,no,Centro de Informatica de Universidade Eduardo Mondlane
876,na,ccTLD,,,,,no,Namibian Network Information Center
877,nab,gTLD,,,,,no,National Australia Bank Limited
878,nadex,gTLD,,,,,no,Not assigned
879,nagoya,gTLD,,,,,no,"GMO Registry, Inc."
880,name,grTLD,,,,,no,"VeriSign Information Services, Inc."
881,nationwide,gTLD,,,,,no,Nationwide Mutual Insurance Company
882,natura,gTLD,,,,,no,NATURA COSMÉTICOS S.A.
883,navy,gTLD,,,,,no,United TLD Holdco Ltd.
884,nba,gTLD,,,,,no,"NBA REGISTRY, LLC"
885,nc,ccTLD,,,,,no,Office des Postes et Telecommunications
886,ne,ccTLD,,,,,no,SONITEL
887,nec,gTLD,,,,,no,NEC Corporation
888,net,gTLD,,,,,no,VeriSign Global Registry Services
889,netbank,gTLD,,,,,no,COMMONWEALTH BANK OF AUSTRALIA
890,netflix,gTLD,,,,,no,"Netflix, Inc."
891,network,gTLD,,,,,no,"Binky Moon, LLC"
892,neustar,gTLD,,,,,no,"NeuStar, Inc."
893,new,gTLD,,,,,no,Charleston Road Registry Inc.
894,newholland,gTLD,,,,,no,CNH Industrial N.V.
895,news,gTLD,,,,,no,United TLD Holdco Ltd.
896,next,gTLD,,,,,no,Next plc
897,nextdirect,gTLD,,,,,no,Next plc
898,nexus,gTLD,,,,,no,Charleston Road Registry Inc.
899,nf,ccTLD,,,,,no,Norfolk Island Data Services
900,nfl,gTLD,,,,,no,NFL Reg Ops LLC
901,ng,ccTLD,,,,,no,Nigeria Internet Registration Association
902,ngo,gTLD,,,,,no,Public Interest Registry
903,nhk,gTLD,,,,,no,Japan Broadcasting Corporation (NHK)
904,ni,ccTLD,,,,,no,Universidad Nacional del Ingernieria Centro de Computo
905,nico,gTLD,,,,,no,"DWANGO Co., Ltd."
906,nike,gTLD,,,,,no,"NIKE, Inc."
907,nikon,gTLD,,,,,no,NIKON CORPORATION
908,ninja,gTLD,,,,,no,United TLD Holdco Ltd.
909,nissan,gTLD,,,,,no,"NISSAN MOTOR CO., LTD."
910,nissay,gTLD,,,,,no,Nippon Life Insurance Company
911,nl,ccTLD,,,,,no,SIDN (Stichting Internet Domeinregistratie Nederland)
912,no,ccTLD,,,,,no,Norid A/S
913,nokia,gTLD,,,,,no,Nokia Corporation
914,northwesternmutual,gTLD,,,,,no,"Northwestern Mutual Registry, LLC"
915,norton,gTLD,,,,,no,Symantec Corporation
916,now,gTLD,,,,,no,"Amazon Registry Services, Inc."
917,nowruz,gTLD,,,,,no,Asia Green IT System Bilgisayar San. ve Tic. Ltd. Sti.
918,nowtv,gTLD,,,,,no,Starbucks (HK) Limited
919,np,ccTLD,,,,,no,Mercantile Communications Pvt. Ltd.
920,nr,ccTLD,,,,,no,CENPAC NET
921,nra,gTLD,,,,,no,"NRA Holdings Company, INC."
922,nrw,gTLD,,,,,no,Minds + Machines GmbH
923,ntt,gTLD,,,,,no,NIPPON TELEGRAPH AND TELEPHONE CORPORATION
924,nu,ccTLD,,,,,no,The IUSN Foundation
925,nyc,gTLD,,,,,no,The City of New York by and through the New York City Department of Information Technology & Telecommunications
926,nz,ccTLD,,,,,no,InternetNZ
927,obi,gTLD,,,,,no,OBI Group Holding SE & Co. KGaA
928,observer,gTLD,,,,,no,"Top Level Spectrum, Inc."
929,off,gTLD,,,,,no,"Johnson Shareholdings, Inc."
930,office,gTLD,,,,,no,Microsoft Corporation
931,okinawa,gTLD,,,,,no,"BRregistry, Inc."
932,olayan,gTLD,,,,,no,Crescent Holding GmbH
933,olayangroup,gTLD,,,,,no,Crescent Holding GmbH
934,oldnavy,gTLD,,,,,no,"The Gap, Inc."
935,ollo,gTLD,,,,,no,Dish DBS Corporation
936,om,ccTLD,,,,,no,Telecommunications Regulatory Authority (TRA)
937,omega,gTLD,,,,,no,The Swatch Group Ltd
938,one,gTLD,,,,,no,One.com A/S
939,ong,gTLD,,,,,no,Public Interest Registry
940,onl,gTLD,,,,,no,iRegistry GmbH
941,online,gTLD,,,,,no,DotOnline Inc.
942,onyourside,gTLD,,,,,no,Nationwide Mutual Insurance Company
943,ooo,gTLD,,,,,no,INFIBEAM INCORPORATION LIMITED
944,open,gTLD,,,,,no,"American Express Travel Related Services Company, Inc."
945,oracle,gTLD,,,,,no,Oracle Corporation
946,orange,gTLD,,,,,no,Orange Brand Services Limited
947,org,gTLD,,,,,no,Public Interest Registry (PIR)
948,organic,gTLD,,,,,no,Afilias Limited
949,orientexpress,gTLD,,,,,no,Retired
950,origins,gTLD,,,,,no,The Estée Lauder Companies Inc.
951,osaka,gTLD,,,,,no,"Osaka Registry Co., Ltd."
952,otsuka,gTLD,,,,,no,"Otsuka Holdings Co., Ltd."
953,ott,gTLD,,,,,no,Dish DBS Corporation
954,ovh,gTLD,,,,,no,OVH SAS
955,pa,ccTLD,,,,,no,Universidad Tecnologica de Panama
956,page,gTLD,,,,,no,Charleston Road Registry Inc.
957,pamperedchef,gTLD,,,,,no,Not assigned
958,panasonic,gTLD,,,,,no,Panasonic Corporation
959,panerai,gTLD,,,,,no,Not assigned
960,paris,gTLD,,,,,no,City of Paris
961,pars,gTLD,,,,,no,Asia Green IT System Bilgisayar San. ve Tic. Ltd. Sti.
962,partners,gTLD,,,,,no,"Binky Moon, LLC"
963,parts,gTLD,,,,,no,"Binky Moon, LLC"
964,party,gTLD,,,,,no,Blue Sky Registry Limited
965,passagens,gTLD,,,ticket,,no,Travel Reservations SRL
966,pay,gTLD,,,,,no,"Amazon Registry Services, Inc."
967,pccw,gTLD,,,,,no,PCCW Enterprises Limited
968,pe,ccTLD,,,,,no,Red Cientifica Peruana
969,pet,gTLD,,,,,no,Afilias Limited
970,pf,ccTLD,,,,,no,Gouvernement de la Polynésie française
971,pfizer,gTLD,,,,,no,Pfizer Inc.
972,pg,ccTLD,,,,,no,PNG DNS Administration Vice Chancellors Office The Papua New Guinea University of Technology
973,ph,ccTLD,,,,,no,PH Domain Foundation
974,pharmacy,gTLD,,,,,no,National Association of Boards of Pharmacy
975,phd,gTLD,,,,,no,Charleston Road Registry Inc.
976,philips,gTLD,,,,,no,Koninklijke Philips N.V.
977,phone,gTLD,,,,,no,Dish DBS Corporation
978,photo,gTLD,,,,,no,"Uniregistry, Corp."
979,photography,gTLD,,,,,no,"Binky Moon, LLC"
980,photos,gTLD,,,,,no,"Binky Moon, LLC"
981,physio,gTLD,,,,,no,PhysBiz Pty Ltd
982,piaget,gTLD,,,,,no,Not assigned
983,pics,gTLD,,,,,no,"Uniregistry, Corp."
984,pictet,gTLD,,,,,no,Pictet Europe S.A.
985,pictures,gTLD,,,,,no,"Binky Moon, LLC"
986,pid,gTLD,,,,,no,"Top Level Spectrum, Inc."
987,pin,gTLD,,,,,no,"Amazon Registry Services, Inc."
988,ping,gTLD,,,,,no,"Ping Registry Provider, Inc."
989,pink,gTLD,,,,,no,Afilias Limited
990,pioneer,gTLD,,,,,no,Pioneer Corporation
991,pizza,gTLD,,,,,no,"Binky Moon, LLC"
992,pk,ccTLD,,,,,no,PKNIC
993,pl,ccTLD,,,,,no,Research and Academic Computer Network
994,place,gTLD,,,,,no,"Binky Moon, LLC"
995,play,gTLD,,,,,no,Charleston Road Registry Inc.
996,playstation,gTLD,,,,,no,Sony Computer Entertainment Inc.
997,plumbing,gTLD,,,,,no,"Binky Moon, LLC"
998,plus,gTLD,,,,,no,"Binky Moon, LLC"
999,pm,ccTLD,,,,,no,Association Française pour le Nommage Internet en Coopération (A.F.N.I.C.)
1000,pn,ccTLD,,,,,no,Pitcairn Island Administration
1001,pnc,gTLD,,,,,no,"PNC Domain Co., LLC"
1002,pohl,gTLD,,,,,no,Deutsche Vermögensberatung Aktiengesellschaft DVAG
1003,poker,gTLD,,,,,no,Afilias Limited
1004,politie,gTLD,,,,,no,Politie Nederland
1005,porn,gTLD,,,,,no,ICM Registry PN LLC
1006,post,sTLD,,,,,no,Universal Postal Union
1007,pr,ccTLD,,,,,no,Gauss Research Laboratory Inc.
1008,pramerica,gTLD,,,,,no,"Prudential Financial, Inc."
1009,praxi,gTLD,,,,,no,Praxi S.p.A.
1010,press,gTLD,,,,,no,DotPress Inc.
1011,prime,gTLD,,,,,no,"Amazon Registry Services, Inc."
1012,pro,grTLD,,,,,no,Afilias Limited
1013,prod,gTLD,,,,,no,Charleston Road Registry Inc.
1014,productions,gTLD,,,,,no,"Binky Moon, LLC"
1015,prof,gTLD,,,,,no,Charleston Road Registry Inc.
1016,progressive,gTLD,,,,,no,Progressive Casualty Insurance Company
1017,promo,gTLD,,,,,no,Afilias Limited
1018,properties,gTLD,,,,,no,"Binky Moon, LLC"
1019,property,gTLD,,,,,no,"Uniregistry, Corp."
1020,protection,gTLD,,,,,no,XYZ.COM LLC
1021,pru,gTLD,,,,,no,"Prudential Financial, Inc."
1022,prudential,gTLD,,,,,no,"Prudential Financial, Inc."
1023,ps,ccTLD,,,,,no,"Ministry Of Telecommunications & Information Technology, Government Computer Center."
1024,pt,ccTLD,,,,,no,Associação DNS.PT
1025,pub,gTLD,,,,,no,United TLD Holdco Ltd.
1026,pw,ccTLD,,,,,no,Micronesia Investment and Development Corporation
1027,pwc,gTLD,,,,,no,PricewaterhouseCoopers LLP
1028,py,ccTLD,,,,,no,NIC-PY
1029,qa,ccTLD,,,,,no,Communications Regulatory Authority
1030,qpon,gTLD,,,,,no,"dotCOOL, Inc."
1031,quebec,gTLD,,,,,no,PointQuébec Inc
1032,quest,gTLD,,,,,no,XYZ.COM LLC
1033,qvc,gTLD,,,,,no,"QVC, Inc."
1034,racing,gTLD,,,,,no,Premier Registry Limited
1035,radio,gTLD,,,,,no,European Broadcasting Union (EBU)
1036,raid,gTLD,,,,,no,"Johnson Shareholdings, Inc."
1037,re,ccTLD,,,,,no,Association Française pour le Nommage Internet en Coopération (A.F.N.I.C.)
1038,read,gTLD,,,,,no,"Amazon Registry Services, Inc."
1039,realestate,gTLD,,,,,no,dotRealEstate LLC
1040,realtor,gTLD,,,,,no,Real Estate Domains LLC
1041,realty,gTLD,,,,,no,"Fegistry, LLC"
1042,recipes,gTLD,,,,,no,"Binky Moon, LLC"
1043,red,gTLD,,,,,no,Afilias Limited
1044,redstone,gTLD,,,,,no,"Redstone Haute Couture Co., Ltd."
1045,redumbrella,gTLD,,,,,no,"Travelers TLD, LLC"
1046,rehab,gTLD,,,,,no,United TLD Holdco Ltd.
1047,reise,gTLD,,,travel,,no,"Binky Moon, LLC"
1048,reisen,gTLD,,,traveling,,no,"Binky Moon, LLC"
1049,reit,gTLD,,,,,no,"National Association of Real Estate Investment Trusts, Inc."
1050,reliance,gTLD,,,,,no,Reliance Industries Limited
1051,ren,gTLD,,,,,no,ZDNS International Limited
1052,rent,gTLD,,,,,no,XYZ.COM LLC
1053,rentals,gTLD,,,,,no,"Binky Moon, LLC"
1054,repair,gTLD,,,,,no,"Binky Moon, LLC"
1055,report,gTLD,,,,,no,"Binky Moon, LLC"
1056,republican,gTLD,,,,,no,United TLD Holdco Ltd.
1057,rest,gTLD,,,,,no,Punto 2012 Sociedad Anonima Promotora de Inversion de Capital Variable
1058,restaurant,gTLD,,,,,no,"Binky Moon, LLC"
1059,review,gTLD,,,,,no,dot Review Limited
1060,reviews,gTLD,,,,,no,"United TLD Holdco, Ltd."
1061,rexroth,gTLD,,,,,no,Robert Bosch GMBH
1062,rich,gTLD,,,,,no,iRegistry GmbH
1063,richardli,gTLD,,,,,no,Pacific Century Asset Management (HK) Limited
1064,ricoh,gTLD,,,,,no,"Ricoh Company, Ltd."
1065,rightathome,gTLD,,,,,no,Not assigned
1066,ril,gTLD,,,,,no,Reliance Industries Limited
1067,rio,gTLD,,,,,no,Empresa Municipal de Informática SA - IPLANRIO
1068,rip,gTLD,,,,,no,United TLD Holdco Ltd.
1069,rmit,gTLD,,,,,no,Royal Melbourne Institute of Technology
1070,ro,ccTLD,,,,,no,National Institute for R&D in Informatics
1071,rocher,gTLD,,,,,no,Ferrero Trading Lux S.A.
1072,rocks,gTLD,,,,,no,"United TLD Holdco, LTD."
1073,rodeo,gTLD,,,,,no,Minds + Machines Group Limited
1074,rogers,gTLD,,,,,no,Rogers Communications Canada Inc.
1075,room,gTLD,,,,,no,"Amazon Registry Services, Inc."
1076,rs,ccTLD,,,,,no,Serbian National Internet Domain Registry (RNIDS)
1077,rsvp,gTLD,,,invitations and replies,,no,Charleston Road Registry Inc.
1078,ru,ccTLD,,,,,no,Coordination Center for TLD RU
1079,rugby,gTLD,,,,,no,World Rugby Strategic Developments Limited
1080,ruhr,gTLD,,,,,no,regiodot GmbH & Co. KG
1081,run,gTLD,,,,,no,"Binky Moon, LLC"
1082,rw,ccTLD,,,,,no,Rwanda Internet Community and Technology Alliance (RICTA) Ltd
1083,rwe,gTLD,,,,,no,RWE AG
1084,ryukyu,gTLD,,,,,no,"BRregistry, Inc."
1085,sa,ccTLD,,,,,no,Communications and Information Technology Commission
1086,saarland,gTLD,,,,,no,dotSaarland GmbH
1087,safe,gTLD,,,,,no,"Amazon Registry Services, Inc."
1088,safety,gTLD,,,,,no,"Safety Registry Services, LLC."
1089,sakura,gTLD,,,,,no,SAKURA Internet Inc.
1090,sale,gTLD,,,,,no,"United TLD Holdco, Ltd"
1091,salon,gTLD,,,,,no,"Binky Moon, LLC"
1092,samsclub,gTLD,,,,,no,"Wal-Mart Stores, Inc."
1093,samsung,gTLD,,,,,no,"SAMSUNG SDS CO., LTD"
1094,sandvik,gTLD,,,,,no,Sandvik AB
1095,sandvikcoromant,gTLD,,,,,no,Sandvik AB
1096,sanofi,gTLD,,,,,no,Sanofi
1097,sap,gTLD,,,,,no,SAP AG
1098,sapo,gTLD,,,,,no,Not assigned
1099,sarl,gTLD,,,"société à responsabilité limitée, francophone limited liability company",,no,"Binky Moon, LLC"
1100,sas,gTLD,,,,,no,Research IP LLC
1101,save,gTLD,,,,,no,"Amazon Registry Services, Inc."
1102,saxo,gTLD,,,,,no,Saxo Bank A/S
1103,sb,ccTLD,,,,,no,Solomon Telekom Company Limited
1104,sbi,gTLD,,,,,no,STATE BANK OF INDIA
1105,sbs,gTLD,,,,,no,SPECIAL BROADCASTING SERVICE CORPORATION
1106,sc,ccTLD,,,,,no,VCS Pty Ltd
1107,sca,gTLD,,,,,no,SVENSKA CELLULOSA AKTIEBOLAGET SCA (publ)
1108,scb,gTLD,,,,,no,"The Siam Commercial Bank Public Company Limited (""SCB"")"
1109,schaeffler,gTLD,,,,,no,Schaeffler Technologies AG & Co. KG
1110,schmidt,gTLD,,,,,no,SALM S.A.S.
1111,scholarships,gTLD,,,,,no,"Scholarships.com, LLC"
1112,school,gTLD,,,,,no,"Binky Moon, LLC"
1113,schule,gTLD,,,school,,no,"Binky Moon, LLC"
1114,schwarz,gTLD,,,,,no,Schwarz Domains und Services GmbH & Co. KG
1115,science,gTLD,,,,,no,dot Science Limited
1116,scjohnson,gTLD,,,,,no,"Johnson Shareholdings, Inc."
1117,scor,gTLD,,,,,no,Not assigned
1118,scot,gTLD,,,,,no,Dot Scot Registry Limited
1119,sd,ccTLD,,,,,no,Sudan Internet Society
1120,se,ccTLD,,,,,no,The Internet Infrastructure Foundation
1121,search,gTLD,,,,,no,Charleston Road Registry Inc.
1122,seat,gTLD,,,,,no,"SEAT, S.A. (Sociedad Unipersonal)"
1123,secure,gTLD,,,,,no,"Amazon Registry Services, Inc."
1124,security,gTLD,,,,,no,XYZ.COM LLC
1125,seek,gTLD,,,,,no,Seek Limited
1126,select,gTLD,,,,,no,"Registry Services, LLC"
1127,sener,gTLD,,,,,no,"Sener Ingeniería y Sistemas, S.A."
1128,services,gTLD,,,,,no,"Binky Moon, LLC"
1129,ses,gTLD,,,,,no,SES
1130,seven,gTLD,,,,,no,Seven West Media Ltd
1131,sew,gTLD,,,,,no,SEW-EURODRIVE GmbH & Co KG
1132,sex,gTLD,,,,,no,ICM Registry SX LLC
1133,sexy,gTLD,,,,,no,"Uniregistry, Corp."
1134,sfr,gTLD,,,,,no,Societe Francaise du Radiotelephone - SFR
1135,sg,ccTLD,,,,,no,Singapore Network Information Centre (SGNIC) Pte Ltd
1136,sh,ccTLD,,,,,no,Government of St. Helena
1137,shangrila,gTLD,,,,,no,Shangri‐La International Hotel Management Limited
1138,sharp,gTLD,,,,,no,Sharp Corporation
1139,shaw,gTLD,,,,,no,Shaw Cablesystems G.P.
1140,shell,gTLD,,,,,no,Shell Information Technology International Inc
1141,shia,gTLD,,,,,no,Asia Green IT System Bilgisayar San. ve Tic. Ltd. Sti.
1142,shiksha,gTLD,,,education,,no,Afilias Limited
1143,shoes,gTLD,,,,,no,"Binky Moon, LLC"
1144,shop,gTLD,,,,,no,"GMO Registry, Inc."
1145,shopping,gTLD,,,,,no,"Binky Moon, LLC"
1146,shouji,gTLD,,,phone,,no,QIHOO 360 TECHNOLOGY CO. LTD.
1147,show,gTLD,,,,,no,"Binky Moon, LLC"
1148,showtime,gTLD,,,,,no,CBS Domains Inc.
1149,shriram,gTLD,,,,,no,Shriram Capital Ltd.
1150,si,ccTLD,,,,,no,Academic and Research Network of Slovenia (ARNES)
1151,silk,gTLD,,,,,no,"Amazon Registry Services, Inc."
1152,sina,gTLD,,,,,no,Sina Corporation
1153,singles,gTLD,,,,,no,"Binky Moon, LLC"
1154,site,gTLD,,,,,no,DotSite Inc.
1155,sj,ccTLD,,,,,no,Norid A/S
1156,sk,ccTLD,,,,,no,"SK-NIC, a.s."
1157,ski,gTLD,,,,,no,Afilias Limited
1158,skin,gTLD,,,,,no,XYZ.COM LLC
1159,sky,gTLD,,,,,no,Sky International AG
1160,skype,gTLD,,,,,no,Microsoft Corporation
1161,sl,ccTLD,,,,,no,Sierratel
1162,sling,gTLD,,,,,no,Hughes Satellite Systems Corporation
1163,sm,ccTLD,,,,,no,Telecom Italia San Marino S.p.A.
1164,smart,gTLD,,,,,no,"Smart Communications, Inc. (SMART)"
1165,smile,gTLD,,,,,no,"Amazon Registry Services, Inc."
1166,sn,ccTLD,,,,,no,Universite Cheikh Anta Diop NIC Senegal
1167,sncf,gTLD,,,,,no,SNCF (Société Nationale des Chemins de fer Francais)
1168,so,ccTLD,,,,,no,Ministry of Post and Telecommunications
1169,soccer,gTLD,,,,,no,"Binky Moon, LLC"
1170,social,gTLD,,,,,no,United TLD Holdco Ltd.
1171,softbank,gTLD,,,,,no,SoftBank Group Corp.
1172,software,gTLD,,,,,no,"United TLD Holdco, Ltd"
1173,sohu,gTLD,,,,,no,Sohu.com Limited
1174,solar,gTLD,,,,,no,"Binky Moon, LLC"
1175,solutions,gTLD,,,,,no,"Binky Moon, LLC"
1176,song,gTLD,,,,,no,"Amazon Registry Services, Inc."
1177,sony,gTLD,,,,,no,Sony Corporation
1178,soy,gTLD,,,i am,,no,Charleston Road Registry Inc.
1179,spa,gTLD,,,,,no,Asia Spa and Wellness Promotion Council Limited
1180,space,gTLD,,,,,no,DotSpace Inc.
1181,spiegel,gTLD,,,,,no,Not assigned
1182,sport,gTLD,,,,,no,Global Association of International Sports Federations (GAISF)
1183,spot,gTLD,,,,,no,"Amazon Registry Services, Inc."
1184,spreadbetting,gTLD,,,,,no,DOTSPREADBETTING REGISTRY LTD
1185,sr,ccTLD,,,,,no,Telesur
1186,srl,gTLD,,,,,no,InterNetX Corp.
1187,srt,gTLD,,,,,no,Not assigned
1188,ss,ccTLD,,,,,no,National Communication Authority (NCA)
1189,st,ccTLD,,,,,no,Tecnisys
1190,stada,gTLD,,,,,no,STADA Arzneimittel AG
1191,staples,gTLD,,,,,no,"Staples, Inc."
1192,star,gTLD,,,,,no,Star India Private Limited
1193,starhub,gTLD,,,,,no,Not assigned
1194,statebank,gTLD,,,,,no,STATE BANK OF INDIA
1195,statefarm,gTLD,,,,,no,State Farm Mutual Automobile Insurance Company
1196,statoil,gTLD,,,,,no,Not assigned
1197,stc,gTLD,,,,,no,Saudi Telecom Company
1198,stcgroup,gTLD,,,,,no,Saudi Telecom Company
1199,stockholm,gTLD,,,,,no,Stockholms kommun
1200,storage,gTLD,,,,,no,XYZ.COM LLC
1201,store,gTLD,,,,,no,DotStore Inc.
1202,stream,gTLD,,,,,no,dot Stream Limited
1203,studio,gTLD,,,,,no,United TLD Holdco Ltd.
1204,study,gTLD,,,,,no,OPEN UNIVERSITIES AUSTRALIA PTY LTD
1205,style,gTLD,,,,,no,"Binky Moon, LLC"
1206,su,ccTLD,,,,,no,Russian Institute for Development of Public Networks (ROSNIIROS)
1207,sucks,gTLD,,,,,no,Vox Populi Registry Ltd.
1208,supplies,gTLD,,,,,no,"Binky Moon, LLC"
1209,supply,gTLD,,,,,no,"Binky Moon, LLC"
1210,support,gTLD,,,,,no,"Binky Moon, LLC"
1211,surf,gTLD,,,,,no,Minds + Machines Group Limited
1212,surgery,gTLD,,,,,no,"Binky Moon, LLC"
1213,suzuki,gTLD,,,,,no,SUZUKI MOTOR CORPORATION
1214,sv,ccTLD,,,,,no,SVNet
1215,swatch,gTLD,,,,,no,The Swatch Group Ltd
1216,swiftcover,gTLD,,,,,no,Swiftcover Insurance Services Limited
1217,swiss,gTLD,,,,,no,Swiss Confederation
1218,sx,ccTLD,,,,,no,SX Registry SA B.V.
1219,sy,ccTLD,,,,,no,National Agency for Network Services (NANS)
1220,sydney,gTLD,,,,,no,"State of New South Wales, Department of Premier and Cabinet"
1221,symantec,gTLD,,,,,no,Not assigned
1222,systems,gTLD,,,,,no,"Binky Moon, LLC"
1223,sz,ccTLD,,,,,no,University of Swaziland Department of Computer Science
1224,tab,gTLD,,,,,no,Tabcorp Holdings Limited
1225,taipei,gTLD,,,,,no,Taipei City Government
1226,talk,gTLD,,,,,no,"Amazon Registry Services, Inc."
1227,taobao,gTLD,,,,,no,Alibaba Group Holding Limited
1228,target,gTLD,,,,,no,"Target Domain Holdings, LLC"
1229,tatamotors,gTLD,,,,,no,Tata Motors Ltd
1230,tatar,gTLD,,,,,no,"Limited Liability Company ""Coordination Center of Regional Domain of Tatarstan Republic"""
1231,tattoo,gTLD,,,,,no,"Uniregistry, Corp."
1232,tax,gTLD,,,,,no,"Binky Moon, LLC"
1233,taxi,gTLD,,,,,no,"Binky Moon, LLC"
1234,tc,ccTLD,,,,,no,Melrex TC
1235,tci,gTLD,,,,,no,Asia Green IT System Bilgisayar San. ve Tic. Ltd. Sti.
1236,td,ccTLD,,,,,no,l'Agence de Développement des Technologies de l'Information et de la Communication (ADETIC)
1237,tdk,gTLD,,,,,no,TDK Corporation
1238,team,gTLD,,,,,no,"Binky Moon, LLC"
1239,tech,gTLD,,,,,no,Dot Tech LLC
1240,technology,gTLD,,,,,no,"Binky Moon, LLC"
1241,tel,sTLD,,,,,no,Telnames Ltd.
1242,telecity,gTLD,,,,,no,Not assigned
1243,telefonica,gTLD,,,,,no,Not assigned
1244,temasek,gTLD,,,,,no,Temasek Holdings (Private) Limited
1245,tennis,gTLD,,,,,no,"Binky Moon, LLC"
1246,teva,gTLD,,,,,no,Teva Pharmaceutical Industries Limited
1247,tf,ccTLD,,,,,no,Association Française pour le Nommage Internet en Coopération (A.F.N.I.C.)
1248,tg,ccTLD,,,,,no,Autorite de Reglementation des secteurs de Postes et de Telecommunications (ART&P)
1249,th,ccTLD,,,,,no,Thai Network Information Center Foundation
1250,thd,gTLD,,,,,no,"Home Depot Product Authority, LLC"
1251,theater,gTLD,,,,,no,"Binky Moon, LLC"
1252,theatre,gTLD,,,,,no,XYZ.COM LLC
1253,tiaa,gTLD,,,,,no,Teachers Insurance and Annuity Association of America
1254,tickets,gTLD,,,,,no,Accent Media Limited
1255,tienda,gTLD,,,shop,,no,"Binky Moon, LLC"
1256,tiffany,gTLD,,,,,no,Tiffany and Company
1257,tips,gTLD,,,,,no,"Binky Moon, LLC"
1258,tires,gTLD,,,,,no,"Binky Moon, LLC"
1259,tirol,gTLD,,,,,no,punkt Tirol GmbH
1260,tj,ccTLD,,,,,no,Information Technology Center
1261,tjmaxx,gTLD,,,,,no,"The TJX Companies, Inc."
1262,tjx,gTLD,,,,,no,"The TJX Companies, Inc."
1263,tk,ccTLD,,,,,no,Telecommunication Tokelau Corporation (Teletok)
1264,tkmaxx,gTLD,,,,,no,"The TJX Companies, Inc."
1265,tl,ccTLD,,,,,no,Autoridade Nacional de Comunicações
1266,tm,ccTLD,,,,,no,TM Domain Registry Ltd
1267,tmall,gTLD,,,,,no,Alibaba Group Holding Limited
1268,tn,ccTLD,,,,,no,Agence Tunisienne d'Internet
1269,to,ccTLD,,,,,no,Government of the Kingdom of Tonga H.R.H. Crown Prince Tupouto'a c/o Consulate of Tonga
1270,today,gTLD,,,,,no,"Binky Moon, LLC"
1271,tokyo,gTLD,,,,,no,"GMO Registry, Inc."
1272,tools,gTLD,,,,,no,"Binky Moon, LLC"
1273,top,gTLD,,,,,no,"Jiangsu Bangning Science & Technology Co.,Ltd."
1274,toray,gTLD,,,,,no,"Toray Industries, Inc."
1275,toshiba,gTLD,,,,,no,TOSHIBA Corporation
1276,total,gTLD,,,,,no,Total SA
1277,tours,gTLD,,,,,no,"Binky Moon, LLC"
1278,town,gTLD,,,,,no,"Binky Moon, LLC"
1279,toyota,gTLD,,,,,no,TOYOTA MOTOR CORPORATION
1280,toys,gTLD,,,,,no,"Binky Moon, LLC"
1281,tp,ccTLD,,,,,no,Retired
1282,tr,ccTLD,,,,,no,Bilgi Teknolojileri ve İletişim Kurumu (BTK)
1283,trade,gTLD,,,,,no,Elite Registry Limited
1284,trading,gTLD,,,,,no,DOTTRADING REGISTRY LTD
1285,training,gTLD,,,,,no,"Binky Moon, LLC"
1286,travel,sTLD,,,,,no,"Dog Beach, LLC"
1287,travelchannel,gTLD,,,,,no,"Lifestyle Domain Holdings, Inc."
1288,travelers,gTLD,,,,,no,"Travelers TLD, LLC"
1289,travelersinsurance,gTLD,,,,,no,"Travelers TLD, LLC"
1290,trust,gTLD,,,,,no,Artemis Internet Inc
1291,trv,gTLD,,,,,no,"Travelers TLD, LLC"
1292,tt,ccTLD,,,,,no,University of the West Indies Faculty of Engineering
1293,tube,gTLD,,,,,no,Latin American Telecom LLC
1294,tui,gTLD,,,,,no,TUI AG
1295,tunes,gTLD,,,,,no,"Amazon Registry Services, Inc."
1296,tushu,gTLD,,,books,,no,"Amazon Registry Services, Inc."
1297,tv,ccTLD,,,,,no,Ministry of Finance and Tourism
1298,tvs,gTLD,,,,,no,T V SUNDRAM IYENGAR & SONS PRIVATE LIMITED
1299,tw,ccTLD,,,,,no,Taiwan Network Information Center (TWNIC)
1300,tz,ccTLD,,,,,no,Tanzania Communications Regulatory Authority
1301,ua,ccTLD,,,,,no,Hostmaster Ltd.
1302,ubank,gTLD,,,,,no,National Australia Bank Limited
1303,ubs,gTLD,,,,,no,UBS AG
1304,uconnect,gTLD,,,,,no,Not assigned
1305,ug,ccTLD,,,,,no,Uganda Online Ltd.
1306,uk,ccTLD,,,,,no,Nominet UK
1307,um,ccTLD,,,,,no,Not assigned
1308,unicom,gTLD,,,,,no,China United Network Communications Corporation Limited
1309,university,gTLD,,,,,no,"Binky Moon, LLC"
1310,uno,gTLD,,,one,,no,DotSite Inc.
1311,uol,gTLD,,,,,no,UBN INTERNET LTDA.
1312,ups,gTLD,,,,,no,"UPS Market Driver, Inc."
1313,us,ccTLD,,,,,no,"NeuStar, Inc."
1314,uy,ccTLD,,,,,no,SeCIU - Universidad de la Republica
1315,uz,ccTLD,,,,,no,Single Integrator for Creation and Support of State Information Systems UZINFOCOM
1316,va,ccTLD,,,,,no,Holy See - Vatican City State
1317,vacations,gTLD,,,,,no,"Binky Moon, LLC"
1318,vana,gTLD,,,,,no,"Lifestyle Domain Holdings, Inc."
1319,vanguard,gTLD,,,,,no,"The Vanguard Group, Inc."
1320,vc,ccTLD,,,,,no,"Ministry of Telecommunications, Science, Technology and Industry"
1321,ve,ccTLD,,,,,no,Comisión Nacional de Telecomunicaciones (CONATEL)
1322,vegas,gTLD,,,,,no,"Dot Vegas, Inc."
1323,ventures,gTLD,,,,,no,"Binky Moon, LLC"
1324,verisign,gTLD,,,,,no,"VeriSign, Inc."
1325,vermögensberater,gTLD,xn--vermgensberater-ctb,de,financial advisor,,no,Deutsche Vermögensberatung Aktiengesellschaft DVAG
1326,vermögensberatung,gTLD,xn--vermgensberatung-pwb,de,financial advice,,no,Deutsche Vermögensberatung Aktiengesellschaft DVAG
1327,versicherung,gTLD,,,insurance,,no,TLD-BOX Registrydienstleistungen GmbH
1328,vet,gTLD,,,,,no,"United TLD Holdco, Ltd"
1329,vg,ccTLD,,,,,no,Telecommunications Regulatory Commission of the Virgin Islands
1330,vi,ccTLD,,,,,no,"Virgin Islands Public Telecommunications System, Inc."
1331,viajes,gTLD,,,travel,,no,"Binky Moon, LLC"
1332,video,gTLD,,,,,no,"United TLD Holdco, Ltd"
1333,vig,gTLD,,,,,no,VIENNA INSURANCE GROUP AG Wiener Versicherung Gruppe
1334,viking,gTLD,,,,,no,Viking River Cruises (Bermuda) Ltd.
1335,villas,gTLD,,,,,no,"Binky Moon, LLC"
1336,vin,gTLD,,,,,no,"Binky Moon, LLC"
1337,vip,gTLD,,,,,no,Minds + Machines Group Limited
1338,virgin,gTLD,,,,,no,Virgin Enterprises Limited
1339,visa,gTLD,,,,,no,Visa Worldwide Pte. Limited
1340,vision,gTLD,,,,,no,"Binky Moon, LLC"
1341,vista,gTLD,,,,,no,Not assigned
1342,vistaprint,gTLD,,,,,no,Not assigned
1343,viva,gTLD,,,,,no,Saudi Telecom Company
1344,vivo,gTLD,,,,,no,Telefonica Brasil S.A.
1345,vlaanderen,gTLD,,,,,no,DNS.be vzw
1346,vn,ccTLD,,,,,no,Viet Nam Internet Network Information Center (VNNIC)
1347,vodka,gTLD,,,,,no,Minds + Machines Group Limited
1348,volkswagen,gTLD,,,,,no,Volkswagen Group of America Inc.
1349,volvo,gTLD,,,,,no,Volvo Holding Sverige Aktiebolag
1350,vote,gTLD,,,,,no,Monolith Registry LLC
1351,voting,gTLD,,,,,no,Valuetainment Corp.
1352,voto,gTLD,,,vote,,no,Monolith Registry LLC
1353,voyage,gTLD,,,,,no,"Binky Moon, LLC"
1354,vu,ccTLD,,,,,no,Telecommunications Radiocommunications and Broadcasting Regulator (TRBR)
1355,vuelos,gTLD,,,flights,,no,Travel Reservations SRL
1356,wales,gTLD,,,,,no,Nominet UK
1357,walmart,gTLD,,,,,no,"Wal-Mart Stores, Inc."
1358,walter,gTLD,,,,,no,Sandvik AB
1359,wang,gTLD,,,,,no,Zodiac Wang Limited
1360,wanggou,gTLD,,,online shopping,,no,"Amazon Registry Services, Inc."
1361,warman,gTLD,,,,,no,Not assigned
1362,watch,gTLD,,,,,no,"Binky Moon, LLC"
1363,watches,gTLD,,,,,no,Richemont DNS Inc.
1364,weather,gTLD,,,,,no,International Business Machines Corporation
1365,weatherchannel,gTLD,,,,,no,International Business Machines Corporation
1366,webcam,gTLD,,,,,no,dot Webcam Limited
1367,weber,gTLD,,,,,no,Saint-Gobain Weber SA
1368,website,gTLD,,,,,no,DotWebsite Inc.
1369,wed,gTLD,,,,,no,Emergency Back-End Registry Operator Program - ICANN
1370,wedding,gTLD,,,,,no,Minds + Machines Group Limited
1371,weibo,gTLD,,,microblogging,,no,Sina Corporation
1372,weir,gTLD,,,,,no,Weir Group IP Limited
1373,wf,ccTLD,,,,,no,Association Française pour le Nommage Internet en Coopération (A.F.N.I.C.)
1374,whoswho,gTLD,,,,,no,Who's Who Registry
1375,wien,gTLD,,,,,no,punkt.wien GmbH
1376,wiki,gTLD,,,,,no,"Top Level Design, LLC"
1377,williamhill,gTLD,,,,,no,William Hill Organization Limited
1378,win,gTLD,,,,,no,First Registry Limited
1379,windows,gTLD,,,,,no,Microsoft Corporation
1380,wine,gTLD,,,,,no,"Binky Moon, LLC"
1381,winners,gTLD,,,,,no,"The TJX Companies, Inc."
1382,wme,gTLD,,,,,no,"William Morris Endeavor Entertainment, LLC"
1383,wolterskluwer,gTLD,,,,,no,Wolters Kluwer N.V.
1384,woodside,gTLD,,,,,no,Woodside Petroleum Limited
1385,work,gTLD,,,,,no,Minds + Machines Group Limited
1386,works,gTLD,,,,,no,"Binky Moon, LLC"
1387,world,gTLD,,,,,no,"Binky Moon, LLC"
1388,wow,gTLD,,,,,no,"Amazon Registry Services, Inc."
1389,ws,ccTLD,,,,,no,Government of Samoa Ministry of Foreign Affairs & Trade
1390,wtc,gTLD,,,,,no,"World Trade Centers Association, Inc."
1391,wtf,gTLD,,,,,no,"Binky Moon, LLC"
1392,xbox,gTLD,,,,,no,Microsoft Corporation
1393,xerox,gTLD,,,,,no,Xerox DNHC LLC
1394,xfinity,gTLD,,,,,no,"Comcast IP Holdings I, LLC"
1395,xihuan,gTLD,,,like,,no,QIHOO 360 TECHNOLOGY CO. LTD.
1396,xin,gTLD,,,,,no,Elegant Leader Limited
1397,xperia,gTLD,,,,,no,Not assigned
1398,xxx,sTLD,,,,,no,ICM Registry LLC
1399,xyz,gTLD,,,,,no,XYZ.COM LLC
1400,yachts,gTLD,,,,,no,"DERYachts, LLC"
1401,yahoo,gTLD,,,,,no,Yahoo! Domain Services Inc.
1402,yamaxun,gTLD,,,,,no,"Amazon Registry Services, Inc."
1403,yandex,gTLD,,,,,no,Yandex Europe B.V.
1404,ye,ccTLD,,,,,no,TeleYemen
1405,yodobashi,gTLD,,,,,no,"YODOBASHI CAMERA CO.,LTD."
1406,yoga,gTLD,,,,,no,Minds + Machines Group Limited
1407,yokohama,gTLD,,,,,no,"GMO Registry, Inc."
1408,you,gTLD,,,,,no,"Amazon Registry Services, Inc."
1409,youtube,gTLD,,,,,no,Charleston Road Registry Inc.
1410,yt,ccTLD,,,,,no,Association Française pour le Nommage Internet en Coopération (A.F.N.I.C.)
1411,yun,gTLD,,,,,no,QIHOO 360 TECHNOLOGY CO. LTD.
1412,za,ccTLD,,,,,no,ZA Domain Name Authority
1413,zappos,gTLD,,,,,no,"Amazon Registry Services, Inc."
1414,zara,gTLD,,,,,no,"Industria de Diseño Textil, S.A. (INDITEX, S.A.)"
1415,zero,gTLD,,,,,no,"Amazon Registry Services, Inc."
1416,zip,gTLD,,,,,no,Charleston Road Registry Inc.
1417,zippo,gTLD,,,,,no,Not assigned
1418,zm,ccTLD,,,,,no,Zambia Information and Communications Technology Authority (ZICTA)
1419,zone,gTLD,,,,,no,"Binky Moon, LLC"
1420,zuerich,gTLD,,,,,no,Kanton Zürich (Canton of Zurich)
1421,zw,ccTLD,,,,,no,Postal and Telecommunications Regulatory Authority of Zimbabwe (POTRAZ)
1422,δοκιμή,test,xn--jxalpdlp,el,test,dokimé,no,Internet Assigned Numbers Authority
1423,ελ,ccTLD,xn--qxam,el,ht,,no,ICS-FORTH GR
1424,ευ,ccTLD,xn--qxa6a,,,,no,EURid vzw/asbl
1425,бг,ccTLD,xn--90ae,sr,bg,,no,Imena.BG AD
1426,бел,ccTLD,xn--90ais,bg,bell,,no,"Reliable Software, Ltd."
1427,дети,gTLD,xn--d1acj3b,ru,kids,dyeti,no,The Foundation for Network Initiatives “The Smart Internet”
1428,ею,ccTLD,xn--e1a4c,ru,her,,no,EURid vzw/asbl
1429,испытание,test,xn--80akhbyknj4f,ru,test,ispytánije,no,Internet Assigned Numbers Authority
1430,католик,gTLD,xn--80aqecdr1a,mn,catholic,Katolik,no,Pontificium Consilium de Comunicationibus Socialibus (PCCS) (Pontifical Council for Social Communication)
1431,ком,gTLD,xn--j1aef,ru,com,kom,no,VeriSign Sarl
1432,мкд,ccTLD,xn--d1alf,ru,mcd,,no,Macedonian Academic Research Network Skopje
1433,мон,ccTLD,xn--l1acc,ru,mont,,no,"Datacom Co.,Ltd"
1434,москва,gTLD,xn--80adxhks,ru,moscow,moskva,no,Foundation for Assistance for Internet Technologies and Infrastructure Development (FAITID)
1435,онлайн,gTLD,xn--80asehdb,ru,online,onlain,no,CORE Association
1436,орг,gTLD,xn--c1avg,ru,organization,org,no,Public Interest Registry
1437,рус,gTLD,xn--p1acf,ru,russian,rus,no,Rusnames Limited
1438,рф,ccTLD,xn--p1ai,ru,rf,,no,Coordination Center for TLD RU
1439,сайт,gTLD,xn--80aswg,ru,site,sait,no,CORE Association
1440,срб,ccTLD,xn--90a3ac,bg,srb,,no,Serbian National Internet Domain Registry (RNIDS)
1441,укр,ccTLD,xn--j1amh,uk,ukr,,no,"Ukrainian Network Information Centre (UANIC), Inc."
1442,қаз,ccTLD,xn--80ao21a,ru,goose,,no,Association of IT Companies of Kazakhstan
1443,հայ,ccTLD,xn--y9a3aq,hy,armenian,,no,"""Internet Society"" Non-governmental Organization"
1444,טעסט,test,xn--deba0ad,en,test,,yes,Internet Assigned Numbers Authority
1445,ישראל,ccTLD,xn--4dbrk0ce,,,,yes,Not assigned
1446,קום,gTLD,xn--9dbq2a,he,get up,qom,yes,VeriSign Sarl
1447,آزمایشی,test,xn--hgbk6aj7f53bba,fa,in the cloud,,yes,Internet Assigned Numbers Authority
1448,إختبار,test,xn--kgbechtv,ar,test,,yes,Internet Assigned Numbers Authority
1449,ابوظبي,gTLD,xn--mgbca7dzdo,ar,abu dhabi,abu thabi,yes,Abu Dhabi Systems and Information Centre
1450,اتصالات,gTLD,xn--mgbaakc7dvf,ar,telecom,itissalat,yes,Emirates Telecommunications Corporation (trading as Etisalat)
1451,ارامكو,gTLD,xn--mgba3a3ejt,ar,aramco,,yes,Aramco Services Company
1452,الاردن,ccTLD,xn--mgbayh7gpa,ar,jordan,,yes,National Information Technology Center (NITC)
1453,البحرين,ccTLD,xn--mgbcpq6gpa1a,,,,yes,Telecommunications Regulatory Authority (TRA)
1454,الجزائر,ccTLD,xn--lgbbat1ad8j,ar,algeria,,yes,CERIST
1455,السعودية,ccTLD,xn--mgberp4a5d4ar,ar,saudi arabia,,yes,Communications and Information Technology Commission
1456,العليان,gTLD,xn--mgba7c0bbn0a,ar,olayan,al-alian,yes,Crescent Holding GmbH
1457,المغرب,ccTLD,xn--mgbc0a9azcg,ar,morocco,,yes,Agence Nationale de Réglementation des Télécommunications (ANRT)
1458,امارات,ccTLD,xn--mgbaam7a8h,fa,uae,,yes,Telecommunications Regulatory Authority (TRA)
1459,ایران,ccTLD,xn--mgba3a4f16a,fa,iran,,yes,Institute for Research in Fundamental Sciences (IPM)
1460,بارت,ccTLD,xn--mgbbh1a,ar,bart,,yes,National Internet eXchange of India
1461,بازار,gTLD,xn--mgbab2bd,ar,bazaar,,yes,CORE Association
1462,بيتك,gTLD,xn--ngbe9e0a,ar,b-tech,baytak,yes,Kuwait Finance House
1463,بھارت,ccTLD,xn--mgbbh1a71e,ur,india,,yes,National Internet Exchange of India
1464,تونس,ccTLD,xn--pgbs0dh,ar,tunisia,,yes,Agence Tunisienne d'Internet
1465,سودان,ccTLD,xn--mgbpl2fh,fa,sudan,sudan,yes,Sudan Internet Society
1466,سورية,ccTLD,xn--ogbpf8fl,ar,syria,,yes,National Agency for Network Services (NANS)
1467,شبكة,gTLD,xn--ngbc5azd,ar,web,,yes,International Domain Registry Pty. Ltd.
1468,عراق,ccTLD,xn--mgbtx2b,fa,iraq,,yes,Communications and Media Commission (CMC)
1469,عرب,gTLD,xn--ngbrx,ar,Arabs,arab,yes,League of Arab States
1470,عمان,ccTLD,xn--mgb9awbf,ar,oman,,yes,Telecommunications Regulatory Authority (TRA)
1471,فلسطين,ccTLD,xn--ygbi2ammx,ar,palestine,,yes,Ministry of Telecom & Information Technology (MTIT)
1472,قطر,ccTLD,xn--wgbl6a,ar,qatar,,yes,Communications Regulatory Authority
1473,كاثوليك,gTLD,xn--mgbi4ecexp,ar,catholic,catholic,yes,Pontificium Consilium de Comunicationibus Socialibus (PCCS) (Pontifical Council for Social Communication)
1474,كوم,gTLD,xn--fhbei,ar,com,com,yes,VeriSign Sarl
1475,مصر,ccTLD,xn--wgbh1c,ar,egypt,,yes,National Telecommunication Regulatory Authority - NTRA
1476,مليسيا,ccTLD,xn--mgbx4cd0ab,ar,malysia,,yes,MYNIC Berhad
1477,موبايلي,gTLD,xn--mgbb9fbpob,ar,mobily,mobily,yes,Not assigned
1478,موريتانيا,ccTLD,xn--mgbah1a3hjkrd,ar,mauritania,,yes,Université de Nouakchott Al Aasriya
1479,موقع,gTLD,xn--4gbrim,ar,site,,yes,Suhub Electronic Establishment
1480,همراه,gTLD,xn--mgbt3dhd,fa,along,hamra,yes,Asia Green IT System Bilgisayar San. ve Tic. Ltd. Sti.
1481,پاكستان,ccTLD,xn--mgbai9a5eva00b,fa,pakistan,,yes,Not assigned
1482,پاکستان,ccTLD,xn--mgbai9azgqp6j,ur,pakistan,,yes,National Telecommunication Corporation
1483,ڀارت,ccTLD,xn--mgbgu82a,sd,india,,yes,National Internet eXchange of India
1484,कॉम,gTLD,xn--11b4c3d,hi,com,koma,no,VeriSign Sarl
1485,नेट,gTLD,xn--c2br7g,hi,met,neta,no,VeriSign Sarl
1486,परीक्षा,test,xn--11b5bs3a9aj6g,hi,exam,parīkṣā,no,Internet Assigned Numbers Authority
1487,भारत,ccTLD,xn--h2brj9c,hi,india,,no,National Internet Exchange of India
1488,भारतम्,ccTLD,xn--h2breg3eve,ne,bharatam,,no,National Internet eXchange of India
1489,भारोत,ccTLD,xn--h2brj9c8c,hi,bharot,,no,National Internet eXchange of India
1490,संगठन,gTLD,xn--i1b6b1a6a2e,hi,organization,saṅgaṭhana,no,Public Interest Registry
1491,বাংলা,ccTLD,xn--54b7fta0cc,bn,bengali,,no,Posts and Telecommunications Division
1492,ভারত,ccTLD,xn--45brj9c,bn,india,,no,National Internet Exchange of India
1493,ভাৰত,ccTLD,xn--45br5cyl,bn,bharata,,no,National Internet eXchange of India
1494,ਭਾਰਤ,ccTLD,xn--s9brj9c,pa,india,,no,National Internet Exchange of India
1495,ભારત,ccTLD,xn--gecrj9c,gu,india,,no,National Internet Exchange of India
1496,ଭାରତ,ccTLD,xn--3hcrj9c,en,ଭାରତ,,no,National Internet eXchange of India
1497,இந்தியா,ccTLD,xn--xkc2dl3a5ee0h,ta,india,,no,National Internet Exchange of India
1498,இலங்கை,ccTLD,xn--xkc2al3hye2a,ta,sri lanka,,no,LK Domain Registry
1499,சிங்கப்பூர்,ccTLD,xn--clchc0ea0b2g2a9gcd,ta,singapore,,no,Singapore Network Information Centre (SGNIC) Pte Ltd
1500,பரிட்சை,test,xn--hlcj6aya9esc7a,ta,in ayurveda,pariṭcai,no,Internet Assigned Numbers Authority
1501,భారత్,ccTLD,xn--fpcrj9c3d,te,india,,no,National Internet Exchange of India
1502,ಭಾರತ,ccTLD,xn--2scrj9c,kn,india,,no,National Internet eXchange of India
1503,ഭാരതം,ccTLD,xn--rvc1e0am3e,ml,india,,no,National Internet eXchange of India
1504,ලංකා,ccTLD,xn--fzc2c9e2c,si,the,,no,LK Domain Registry
1505,คอม,gTLD,xn--42c2d9a,th,com,khxm,no,VeriSign Sarl
1506,ไทย,ccTLD,xn--o3cw4h,th,thai,,no,Thai Network Information Center Foundation
1507,ລາວ,ccTLD,xn--q7ce6a,,,,no,Lao National Internet Center (LANIC)
1508,გე,ccTLD,xn--node,ka,customize,,no,Information Technologies Development Center (ITDC)
1509,みんな,gTLD,xn--q9jyb4c,ja,everyone,minna,no,Charleston Road Registry Inc.
1510,アマゾン,gTLD,xn--cckwcxetd,,,,no,"Amazon Registry Services, Inc."
1511,クラウド,gTLD,xn--gckr3f0f,ja,cloud,kuraudo,no,"Amazon Registry Services, Inc."
1512,グーグル,gTLD,xn--qcka1pmc,ja,google,guguru,no,Charleston Road Registry Inc.
1513,コム,gTLD,xn--tckwe,ja,com,komu,no,VeriSign Sarl
1514,ストア,gTLD,xn--cck2b3b,ja,store,sutoa,no,"Amazon Registry Services, Inc."
1515,セール,gTLD,xn--1ck2e1b,ja,sale,sēru,no,"Amazon Registry Services, Inc."
1516,テスト,test,xn--zckzah,ja,test,tesuto,no,Internet Assigned Numbers Authority
1517,ファッション,gTLD,xn--bck1b9a5dre4c,ja,fashion,fasshon,no,"Amazon Registry Services, Inc."
1518,ポイント,gTLD,xn--eckvdtc9d,ja,point,pointo,no,"Amazon Registry Services, Inc."
1519,世界,gTLD,xn--rhqv96g,zh,world,shìjiè,no,Stable Tone Limited
1520,中信,gTLD,xn--fiq64b,zh,citic,,no,CITIC Group Corporation
1521,中国,ccTLD,xn--fiqs8s,zh-hans,china,,no,China Internet Network Information Center (CNNIC)
1522,中國,ccTLD,xn--fiqz9s,zh-hant,china,,no,China Internet Network Information Center (CNNIC)
1523,中文网,gTLD,xn--fiq228c5hs,zh,dot chinese website,Zhōngwén wǎng,no,TLD REGISTRY LIMITED
1524,亚马逊,gTLD,xn--jlq480n2rg,,,,no,"Amazon Registry Services, Inc."
1525,企业,gTLD,xn--vhquv,zh-hans,enterprise,,no,"Binky Moon, LLC"
1526,佛山,gTLD,xn--1qqw23a,zh,foshan,fòshān,no,"Guangzhou YU Wei Information Technology Co., Ltd."
1527,信息,gTLD,xn--vuq861b,zh-hans,information,xinxi,no,"Beijing Tele-info Network Technology Co., Ltd."
1528,健康,gTLD,xn--nyqy26a,zh-hans,healthy and fit,jiankang,no,Stable Tone Limited
1529,八卦,gTLD,xn--45q11c,zh-hans,gossip,Bāguà,no,Zodiac Gemini Ltd
1530,公司,gTLD,xn--55qx5d,zh,company,gōngsī,no,Computer Network Information Center of Chinese Academy of Sciences （China Internet Network Information Center）
1531,公益,gTLD,xn--55qw42g,zh,charity,Gōngyì,no,China Organizational Name Administration Center
1532,台湾,ccTLD,xn--kprw13d,zh-hans,taiwan,,no,Taiwan Network Information Center (TWNIC)
1533,台灣,ccTLD,xn--kpry57d,zh-hant,taiwan,,no,Taiwan Network Information Center (TWNIC)
1534,商城,gTLD,xn--czru2d,zh,mall,shāngchéng,no,Zodiac Aquarius Limited
1535,商店,gTLD,xn--czrs0t,zh-hans,shop,shangdian,no,"Binky Moon, LLC"
1536,商标,gTLD,xn--czr694b,zh,trademark,shāngbiāo,no,Internet DotTrademark Organisation Limited
1537,嘉里,gTLD,xn--w4rs40l,zh-hans,kerry,jia li,no,Kerry Trading Co. Limited
1538,嘉里大酒店,gTLD,xn--w4r85el8fhu5dnra,zh-hans,kerry hotel,jia li da jiudian,no,Kerry Trading Co. Limited
1539,在线,gTLD,xn--3ds443g,zh,dot chinese online,zàixiàn,no,TLD REGISTRY LIMITED
1540,大众汽车,gTLD,xn--3oq18vl8pn36a,zh-hans,volkswagen,dazhong qiche,no,"Volkswagen (China) Investment Co., Ltd."
1541,大拿,gTLD,xn--pssy2u,zh-hans,big take,da na,no,VeriSign Sarl
1542,天主教,gTLD,xn--tiq49xqyj,zh-hans,catholicism,tianzhujiao,no,Pontificium Consilium de Comunicationibus Socialibus (PCCS) (Pontifical Council for Social Communication)
1543,娱乐,gTLD,xn--fjq720a,zh-hans,entertainment,yule,no,"Binky Moon, LLC"
1544,家電,gTLD,xn--fct429k,ja,consumer electronics,kaden,no,"Amazon Registry Services, Inc."
1545,工行,gTLD,xn--estv75g,zh-hans,icbc,gonghang,no,Not assigned
1546,广东,gTLD,xn--xhq521b,zh-hans,guangdong,Guǎngdōng,no,"Guangzhou YU Wei Information Technology Co., Ltd."
1547,微博,gTLD,xn--9krt00a,ja,miho,weibo,no,Sina Corporation
1548,慈善,gTLD,xn--30rr7y,zh-hans,charity,Císhàn,no,Excellent First Limited
1549,我爱你,gTLD,xn--6qq986b3xl,zh,i love you,wǒ ài nǐ,no,Tycoon Treasure Limited
1550,手机,gTLD,xn--kput3i,zh,cell,,no,"Beijing RITT-Net Technology Development Co., Ltd"
1551,手表,gTLD,xn--kpu716f,zh-hans,watch,shoubiao,no,Not assigned
1552,招聘,gTLD,xn--otu796d,zh-hans,recruitment,zhaopin,no,Dot Trademark TLD Holding Company Limited
1553,政务,gTLD,xn--zfr164b,zh,government,,no,China Organizational Name Administration Center
1554,政府,gTLD,xn--mxtq1m,zh-hans,government,zhengfu,no,"Net-Chinese Co., Ltd."
1555,新加坡,ccTLD,xn--yfro4i67o,zh-hans,singapore,,no,Singapore Network Information Centre (SGNIC) Pte Ltd
1556,新闻,gTLD,xn--efvy88h,zh-hans,news,xinwen,no,"Guangzhou YU Wei Information and Technology Co.,Ltd"
1557,时尚,gTLD,xn--9et52u,zh-hans,fashion,shishang,no,RISE VICTORY LIMITED
1558,書籍,gTLD,xn--rovu88b,ja,a book,shoseki,no,"Amazon Registry Services, Inc."
1559,机构,gTLD,xn--nqv7f,zh,agencies,jīgòu,no,Public Interest Registry
1560,测试,test,xn--0zwm56d,zh,test,cèshì,no,Internet Assigned Numbers Authority
1561,淡马锡,gTLD,xn--b4w605ferd,zh-hans,temasek,danmaxi,no,Temasek Holdings (Private) Limited
1562,測試,test,xn--g6w251d,zh,measured job interview,cèshì,no,Internet Assigned Numbers Authority
1563,游戏,gTLD,xn--unup4y,zh-hans,game,,no,"Binky Moon, LLC"
1564,澳門,ccTLD,xn--mix891f,zh-hant,macau,,no,Macao Post and Telecommunications Bureau (CTT)
1565,点看,gTLD,xn--3pxu8k,zh-hans,look at it,dian kan,no,VeriSign Sarl
1566,珠宝,gTLD,xn--pbt977c,zh-hans,jewelry,zhubao,no,Not assigned
1567,移动,gTLD,xn--6frz82g,zh,mobile,yídòng,no,Afilias Limited
1568,组织机构,gTLD,xn--nqv7fs00ema,zh,organization,,no,Public Interest Registry
1569,网址,gTLD,xn--ses554g,zh,network address,wǎngzhǐ,no,"KNET Co., Ltd"
1570,网店,gTLD,xn--hxt814e,zh-hans,online shop,wang dian,no,Zodiac Taurus Ltd.
1571,网站,gTLD,xn--5tzm5g,zh-hans,website,wǎngzhàn,no,Global Website TLD Asia Limited
1572,网络,gTLD,xn--io0a7i,zh,network,wǎngluò,no,Computer Network Information Center of Chinese Academy of Sciences （China Internet Network Information Center）
1573,联通,gTLD,xn--8y0a063a,zh-hans,china unicom,liantong,no,China United Network Communications Corporation Limited
1574,诺基亚,gTLD,xn--jlq61u9w7b,zh-hans,nokia,nuojiya,no,Nokia Corporation
1575,谷歌,gTLD,xn--flw351e,zh-hans,google,guge,no,Charleston Road Registry Inc.
1576,购物,gTLD,xn--g2xx48c,zh-hans,shopping,gouwu,no,Minds + Machines Group Limited
1577,通販,gTLD,xn--gk3at1e,ja,mail order,tsuhan,no,"Amazon Registry Services, Inc."
1578,集团,gTLD,xn--3bst00m,zh,group,jítuán,no,Eagle Horizon Limited
1579,電訊盈科,gTLD,xn--fzys8d69uvgm,zh-hans,pccw,dianxun yingke,no,PCCW Enterprises Limited
1580,飞利浦,gTLD,xn--kcrx77d1x4a,zh-hans,philips,feilipu,no,Koninklijke Philips N.V.
1581,食品,gTLD,xn--jvr189m,zh-hans,food,shokuhin,no,"Amazon Registry Services, Inc."
1582,餐厅,gTLD,xn--imr513n,zh-hans,restaurant,canting,no,Internet DotTrademark Organisation Limited
1583,香格里拉,gTLD,xn--5su34j936bgsg,zh-hans,shangri-la,xianggelila,no,Shangri‐La International Hotel Management Limited
1584,香港,ccTLD,xn--j6w193g,zh-hans,hong kong,,no,Hong Kong Internet Registration Corporation Ltd.
1585,닷넷,gTLD,xn--t60b56a,ko,net,datnet,no,VeriSign Sarl
1586,닷컴,gTLD,xn--mk1bu44c,ko,dotcom,datkeom,no,VeriSign Sarl
1587,삼성,gTLD,xn--cg4bki,ko,samsung,,no,"SAMSUNG SDS CO., LTD"
1588,테스트,test,xn--9t4b11yi5a,ko,test,teseuteu,no,Internet Assigned Numbers Authority
1589,한국,ccTLD,xn--3e0b707e,ko,republic of korea,,no,KISA (Korea Internet & Security Agency)
